-- ==========================================================
-- Cài đặt trọn gói: CREATE DATABASE + bảng + dữ liệu
-- Sinh bởi database/04_generated_data.py (UTF-8, tiếng Việt có dấu)
-- Chạy cả tệp trong MySQL Workbench / mysql CLI
-- ==========================================================

CREATE DATABASE IF NOT EXISTS `quan_ly_thi_sinh` CHARACTER SET utf8mb4 COLLATE utf8mb4_unicode_ci;
USE `quan_ly_thi_sinh`;

SET NAMES utf8mb4;
SET FOREIGN_KEY_CHECKS = 0;

DROP TABLE IF EXISTS DangKyNguyenVong;
DROP TABLE IF EXISTS DiemThi;
DROP TABLE IF EXISTS TruongDaiHoc;
DROP TABLE IF EXISTS KhoiThi;
DROP TABLE IF EXISTS ThiSinh;

CREATE TABLE ThiSinh (
    soBaoDanh VARCHAR(20) PRIMARY KEY,
    hoTen VARCHAR(120) NOT NULL,
    ngaySinh DATE NOT NULL,
    danToc VARCHAR(50),
    tonGiao VARCHAR(50),
    gioiTinh VARCHAR(10),
    noiSinh VARCHAR(120),
    diaChi VARCHAR(255),
    soCanCuoc VARCHAR(20) UNIQUE,
    soDienThoai VARCHAR(20),
    email VARCHAR(100),
    khuVuc VARCHAR(20),
    doiTuongUuTien INT DEFAULT 0,
    hoiDongThi VARCHAR(50)
);

CREATE TABLE KhoiThi (
    id BIGINT AUTO_INCREMENT PRIMARY KEY,
    maKhoi VARCHAR(10) NOT NULL UNIQUE,
    tenKhoi VARCHAR(50) NOT NULL,
    mon1 VARCHAR(50) NOT NULL,
    mon2 VARCHAR(50) NOT NULL,
    mon3 VARCHAR(50) NOT NULL
);

CREATE TABLE DiemThi (
    id BIGINT AUTO_INCREMENT PRIMARY KEY,
    thiSinh_soBaoDanh VARCHAR(20) NOT NULL,
    khoiThi_id BIGINT NOT NULL,
    diemMon1 DECIMAL(4,2) NULL,
    diemMon2 DECIMAL(4,2) NULL,
    diemMon3 DECIMAL(4,2) NULL,
    CONSTRAINT fk_diem_thisinh FOREIGN KEY (thiSinh_soBaoDanh) REFERENCES ThiSinh(soBaoDanh),
    CONSTRAINT fk_diem_khoithi FOREIGN KEY (khoiThi_id) REFERENCES KhoiThi(id),
    CONSTRAINT uk_diem_thisinh_khoithi UNIQUE (thiSinh_soBaoDanh, khoiThi_id)
);

CREATE TABLE TruongDaiHoc (
    maTruong VARCHAR(20) PRIMARY KEY,
    tenTruong VARCHAR(150) NOT NULL,
    diaChi VARCHAR(255)
);

CREATE TABLE DangKyNguyenVong (
    id BIGINT AUTO_INCREMENT PRIMARY KEY,
    thiSinh_soBaoDanh VARCHAR(20) NOT NULL,
    truongDaiHoc_maTruong VARCHAR(20) NOT NULL,
    thuTuNguyenVong INT NOT NULL,
    nganhDangKy VARCHAR(120),
    CONSTRAINT fk_nv_thisinh FOREIGN KEY (thiSinh_soBaoDanh) REFERENCES ThiSinh(soBaoDanh),
    CONSTRAINT fk_nv_truong FOREIGN KEY (truongDaiHoc_maTruong) REFERENCES TruongDaiHoc(maTruong),
    CONSTRAINT uk_nv_thisinh_thutu UNIQUE (thiSinh_soBaoDanh, thuTuNguyenVong)
);

SET FOREIGN_KEY_CHECKS = 1;

INSERT INTO KhoiThi(maKhoi, tenKhoi, mon1, mon2, mon3) VALUES
('A', 'Khối A', 'Toán', 'Lý', 'Hóa'),
('B', 'Khối B', 'Toán', 'Hóa', 'Sinh'),
('C', 'Khối C', 'Văn', 'Sử', 'Địa');

INSERT INTO TruongDaiHoc(maTruong, tenTruong, diaChi) VALUES
('BKA', 'Đại học Bách khoa Hà Nội', 'Hà Nội'),
('QSB', 'Đại học Khoa học Tự nhiên', 'TP. Hồ Chí Minh'),
('KTH', 'Đại học Kinh tế Quốc dân', 'Hà Nội'),
('DNY', 'Đại học Đà Nẵng', 'Đà Nẵng'),
('CTU', 'Đại học Cần Thơ', 'Cần Thơ');

-- ========== Dữ liệu thí sinh (sinh ngẫu nhiên) ==========
INSERT INTO ThiSinh(soBaoDanh, hoTen, ngaySinh, danToc, tonGiao, gioiTinh, noiSinh, diaChi, soCanCuoc, soDienThoai, email, khuVuc, doiTuongUuTien, hoiDongThi) VALUES
('000001', 'Phạm Văn Kiên', '2006-10-09', 'Kinh', 'Tin lành', 'Nam', 'An Giang', 'Ninh Kiều, Cần Thơ', '100000000001', '0900000000', '000001@vidu.vn', 'KV2', 0, 'TP. Hồ Chí Minh'),
('000002', 'Cao Xuân Linh', '2007-04-05', 'Kinh', 'Công giáo', 'Nữ', 'Huế', 'Quận 1, TP. Hồ Chí Minh', '100000000002', '0900000001', '000002@vidu.vn', 'KV2', 1, 'Hải Phòng'),
('000003', 'Tôn Tuấn Dũng', '2007-01-23', 'Kinh', 'Phật giáo', 'Nữ', 'Đà Nẵng', 'Vinh, Nghệ An', '100000000003', '0900000002', '000003@vidu.vn', 'KV2-NT', 2, 'Đà Nẵng'),
('000004', 'Phạm Đình Minh', '2007-04-10', 'Kinh', 'Công giáo', 'Nam', 'Bình Dương', 'Hải Châu, Đà Nẵng', '100000000004', '0900000003', '000004@vidu.vn', 'KV2-NT', 0, 'Đà Nẵng'),
('000005', 'Võ Thị Hà', '2006-11-20', 'Kinh', 'Phật giáo', 'Nữ', 'Đồng Nai', 'Lê Chân, Hải Phòng', '100000000005', '0900000004', '000005@vidu.vn', 'KV1', 0, 'Nam Định'),
('000006', 'Đoàn Đình Phúc', '2006-08-13', 'Kinh', 'Không', 'Nam', 'Hải Phòng', 'Vinh, Nghệ An', '100000000006', '0900000005', '000006@vidu.vn', 'KV3', 0, 'Hải Phòng'),
('000007', 'Phạm Tuấn Phương', '2006-10-01', 'Kinh', 'Tin lành', 'Nam', 'Khánh Hòa', 'Ba Đình, Hà Nội', '100000000007', '0900000006', '000007@vidu.vn', 'KV2-NT', 1, 'Hà Nội'),
('000008', 'Mai Văn Thảo', '2006-11-28', 'Kinh', 'Phật giáo', 'Nữ', 'Nam Định', 'Quận 1, TP. Hồ Chí Minh', '100000000008', '0900000007', '000008@vidu.vn', 'KV1', 0, 'TP. Hồ Chí Minh'),
('000009', 'Phan Thanh Yến', '2007-09-14', 'Kinh', 'Công giáo', 'Nữ', 'Quảng Nam', 'Ninh Kiều, Cần Thơ', '100000000009', '0900000008', '000009@vidu.vn', 'KV2', 0, 'Hà Tĩnh'),
('000010', 'Cao Bảo Nhi', '2006-08-14', 'Kinh', 'Không', 'Nam', 'Hà Nội', 'Ba Đình, Hà Nội', '100000000010', '0900000009', '000010@vidu.vn', 'KV1', 0, 'Khánh Hòa'),
('000011', 'Võ Kim Hà', '2007-02-21', 'Kinh', 'Tin lành', 'Nữ', 'Thanh Hóa', 'Ba Đình, Hà Nội', '100000000011', '0900000010', '000011@vidu.vn', 'KV1', 1, 'Quảng Nam'),
('000012', 'Dương Thu Hà', '2006-04-22', 'Kinh', 'Phật giáo', 'Nữ', 'An Giang', 'Ninh Kiều, Cần Thơ', '100000000012', '0900000011', '000012@vidu.vn', 'KV2', 2, 'Quảng Nam'),
('000013', 'Cao Văn Chi', '2006-08-31', 'Kinh', 'Tin lành', 'Nam', 'Nghệ An', 'Tân Bình, TP. Hồ Chí Minh', '100000000013', '0900000012', '000013@vidu.vn', 'KV3', 1, 'TP. Hồ Chí Minh'),
('000014', 'Dương Thanh Vân', '2007-04-11', 'Kinh', 'Công giáo', 'Nam', 'Lâm Đồng', 'Tân Bình, TP. Hồ Chí Minh', '100000000014', '0900000013', '000014@vidu.vn', 'KV3', 0, 'Thanh Hóa'),
('000015', 'Đoàn Kim Yến', '2007-06-28', 'Kinh', 'Không', 'Nam', 'Nghệ An', 'Quận 1, TP. Hồ Chí Minh', '100000000015', '0900000014', '000015@vidu.vn', 'KV1', 0, 'An Giang'),
('000016', 'Lê Xuân Lan', '2007-08-21', 'Kinh', 'Công giáo', 'Nam', 'Khánh Hòa', 'Lê Chân, Hải Phòng', '100000000016', '0900000015', '000016@vidu.vn', 'KV2', 0, 'Đồng Nai'),
('000017', 'Đoàn Quốc Chi', '2007-07-05', 'Kinh', 'Không', 'Nữ', 'Thanh Hóa', 'Vinh, Nghệ An', '100000000017', '0900000016', '000017@vidu.vn', 'KV2-NT', 0, 'An Giang'),
('000018', 'Phạm Đức Minh', '2006-04-29', 'Kinh', 'Phật giáo', 'Nữ', 'Cần Thơ', 'Nha Trang, Khánh Hòa', '100000000018', '0900000017', '000018@vidu.vn', 'KV2', 0, 'Khánh Hòa'),
('000019', 'Hoàng Thanh Hạnh', '2007-03-29', 'Kinh', 'Phật giáo', 'Nam', 'Quảng Nam', 'Vinh, Nghệ An', '100000000019', '0900000018', '000019@vidu.vn', 'KV1', 0, 'TP. Hồ Chí Minh'),
('000020', 'Huỳnh Tuấn Sơn', '2007-02-21', 'Kinh', 'Không', 'Nữ', 'Hải Phòng', 'Ninh Kiều, Cần Thơ', '100000000020', '0900000019', '000020@vidu.vn', 'KV2', 0, 'Nghệ An'),
('000021', 'Đinh Bảo Khánh', '2007-04-17', 'Kinh', 'Phật giáo', 'Nam', 'Bình Dương', 'Lê Chân, Hải Phòng', '100000000021', '0900000020', '000021@vidu.vn', 'KV2', 0, 'Đồng Nai'),
('000022', 'Phạm Thanh Hạnh', '2007-08-18', 'Kinh', 'Công giáo', 'Nữ', 'Huế', 'Quận 1, TP. Hồ Chí Minh', '100000000022', '0900000021', '000022@vidu.vn', 'KV1', 2, 'Khánh Hòa'),
('000023', 'Cao Minh Phúc', '2007-03-18', 'Kinh', 'Không', 'Nữ', 'Đà Nẵng', 'Long Xuyên, An Giang', '100000000023', '0900000022', '000023@vidu.vn', 'KV2-NT', 2, 'Lâm Đồng'),
('000024', 'Phan Diệu Nhi', '2006-11-05', 'Kinh', 'Phật giáo', 'Nữ', 'Đồng Nai', 'Vinh, Nghệ An', '100000000024', '0900000023', '000024@vidu.vn', 'KV1', 0, 'Quảng Nam'),
('000025', 'Mai Diệu Oanh', '2006-04-06', 'Kinh', 'Phật giáo', 'Nam', 'An Giang', 'Long Xuyên, An Giang', '100000000025', '0900000024', '000025@vidu.vn', 'KV2-NT', 0, 'Hà Nội'),
('000026', 'Đoàn Minh Hùng', '2007-12-15', 'Kinh', 'Không', 'Nam', 'Đồng Nai', 'Gò Vấp, TP. Hồ Chí Minh', '100000000026', '0900000025', '000026@vidu.vn', 'KV3', 0, 'Cần Thơ'),
('000027', 'Tôn Nhật Huy', '2007-09-02', 'Kinh', 'Phật giáo', 'Nữ', 'Khánh Hòa', 'Gò Vấp, TP. Hồ Chí Minh', '100000000027', '0900000026', '000027@vidu.vn', 'KV3', 2, 'Nam Định'),
('000028', 'Bùi Bảo Minh', '2006-12-10', 'Kinh', 'Phật giáo', 'Nam', 'Khánh Hòa', 'Vinh, Nghệ An', '100000000028', '0900000027', '000028@vidu.vn', 'KV1', 0, 'Đồng Nai'),
('000029', 'Đoàn Văn Trung', '2007-08-13', 'Kinh', 'Tin lành', 'Nữ', 'Đồng Nai', 'Gò Vấp, TP. Hồ Chí Minh', '100000000029', '0900000028', '000029@vidu.vn', 'KV1', 0, 'Quảng Nam'),
('000030', 'Đỗ Đình Kiên', '2006-06-19', 'Kinh', 'Không', 'Nam', 'Hà Tĩnh', 'Hải Châu, Đà Nẵng', '100000000030', '0900000029', '000030@vidu.vn', 'KV1', 1, 'Quảng Nam'),
('000031', 'Đỗ Thu Phương', '2007-01-24', 'Kinh', 'Không', 'Nữ', 'Huế', 'Tân Bình, TP. Hồ Chí Minh', '100000000031', '0900000030', '000031@vidu.vn', 'KV2-NT', 0, 'TP. Hồ Chí Minh'),
('000032', 'Hoàng Kim Lan', '2006-04-28', 'Kinh', 'Không', 'Nam', 'Thanh Hóa', 'Gò Vấp, TP. Hồ Chí Minh', '100000000032', '0900000031', '000032@vidu.vn', 'KV2-NT', 0, 'Nghệ An'),
('000033', 'Võ Quốc Hùng', '2006-11-05', 'Kinh', 'Công giáo', 'Nữ', 'Cần Thơ', 'Thành phố Thanh Hóa', '100000000033', '0900000032', '000033@vidu.vn', 'KV1', 0, 'Đà Nẵng'),
('000034', 'Huỳnh Hồng Hùng', '2006-06-06', 'Kinh', 'Tin lành', 'Nữ', 'Quảng Nam', 'Hải Châu, Đà Nẵng', '100000000034', '0900000033', '000034@vidu.vn', 'KV2-NT', 2, 'Quảng Nam'),
('000035', 'Đoàn Diệu Lan', '2007-01-24', 'Kinh', 'Tin lành', 'Nam', 'Khánh Hòa', 'Quận 1, TP. Hồ Chí Minh', '100000000035', '0900000034', '000035@vidu.vn', 'KV3', 0, 'Thanh Hóa'),
('000036', 'Võ Xuân Vy', '2007-07-23', 'Kinh', 'Không', 'Nữ', 'An Giang', 'Nha Trang, Khánh Hòa', '100000000036', '0900000035', '000036@vidu.vn', 'KV3', 1, 'Đà Nẵng'),
('000037', 'Cao Thu Phúc', '2007-12-21', 'Kinh', 'Không', 'Nam', 'Hà Tĩnh', 'Lê Chân, Hải Phòng', '100000000037', '0900000036', '000037@vidu.vn', 'KV2-NT', 0, 'Thanh Hóa'),
('000038', 'Võ Hữu Hạnh', '2006-11-06', 'Kinh', 'Không', 'Nam', 'Hà Nội', 'Nha Trang, Khánh Hòa', '100000000038', '0900000037', '000038@vidu.vn', 'KV2', 0, 'Lâm Đồng'),
('000039', 'Phan Thị Minh', '2007-05-05', 'Kinh', 'Không', 'Nam', 'Cần Thơ', 'Ba Đình, Hà Nội', '100000000039', '0900000038', '000039@vidu.vn', 'KV3', 1, 'Hải Phòng'),
('000040', 'Lý Diệu Thảo', '2007-09-26', 'Kinh', 'Công giáo', 'Nữ', 'An Giang', 'Vinh, Nghệ An', '100000000040', '0900000039', '000040@vidu.vn', 'KV3', 1, 'Quảng Nam'),
('000041', 'Phan Bảo Hạnh', '2007-07-20', 'Kinh', 'Tin lành', 'Nữ', 'Đà Nẵng', 'Hải Châu, Đà Nẵng', '100000000041', '0900000040', '000041@vidu.vn', 'KV1', 1, 'Lâm Đồng'),
('000042', 'Võ Thanh Hà', '2007-10-03', 'Kinh', 'Phật giáo', 'Nam', 'Thanh Hóa', 'Tân Bình, TP. Hồ Chí Minh', '100000000042', '0900000041', '000042@vidu.vn', 'KV1', 2, 'Huế'),
('000043', 'Bùi Đình Minh', '2007-05-28', 'Kinh', 'Tin lành', 'Nam', 'Nam Định', 'Gò Vấp, TP. Hồ Chí Minh', '100000000043', '0900000042', '000043@vidu.vn', 'KV1', 2, 'Khánh Hòa'),
('000044', 'Đặng Phương Bình', '2006-06-29', 'Kinh', 'Tin lành', 'Nam', 'Nam Định', 'Vinh, Nghệ An', '100000000044', '0900000043', '000044@vidu.vn', 'KV3', 0, 'Nam Định'),
('000045', 'Phan Thu Trang', '2007-12-12', 'Kinh', 'Tin lành', 'Nam', 'Nam Định', 'Lê Chân, Hải Phòng', '100000000045', '0900000044', '000045@vidu.vn', 'KV3', 2, 'Đà Nẵng'),
('000046', 'Đinh Hồng Phương', '2006-02-22', 'Kinh', 'Tin lành', 'Nữ', 'Thanh Hóa', 'Lê Chân, Hải Phòng', '100000000046', '0900000045', '000046@vidu.vn', 'KV2', 0, 'Cần Thơ'),
('000047', 'Phạm Hồng Dũng', '2007-10-26', 'Kinh', 'Tin lành', 'Nữ', 'Hải Phòng', 'Gò Vấp, TP. Hồ Chí Minh', '100000000047', '0900000046', '000047@vidu.vn', 'KV2-NT', 2, 'Nam Định'),
('000048', 'Lý Thu Vân', '2007-06-04', 'Kinh', 'Phật giáo', 'Nữ', 'Huế', 'Quận 1, TP. Hồ Chí Minh', '100000000048', '0900000047', '000048@vidu.vn', 'KV2-NT', 0, 'Hà Tĩnh'),
('000049', 'Đoàn Đình Linh', '2007-02-25', 'Kinh', 'Phật giáo', 'Nữ', 'TP. Hồ Chí Minh', 'Đống Đa, Hà Nội', '100000000049', '0900000048', '000049@vidu.vn', 'KV3', 1, 'Nam Định'),
('000050', 'Tôn Quốc Yến', '2007-04-13', 'Kinh', 'Không', 'Nam', 'Hà Nội', 'Nha Trang, Khánh Hòa', '100000000050', '0900000049', '000050@vidu.vn', 'KV2', 1, 'Nam Định'),
('000051', 'Đỗ Tuấn Quân', '2006-11-21', 'Kinh', 'Phật giáo', 'Nam', 'Nam Định', 'Vinh, Nghệ An', '100000000051', '0900000050', '000051@vidu.vn', 'KV1', 2, 'Lâm Đồng'),
('000052', 'Đỗ Thị Nam', '2007-01-03', 'Kinh', 'Phật giáo', 'Nữ', 'Bình Dương', 'Tân Bình, TP. Hồ Chí Minh', '100000000052', '0900000051', '000052@vidu.vn', 'KV2', 0, 'Nghệ An'),
('000053', 'Hoàng Bảo Tuấn', '2007-10-16', 'Kinh', 'Công giáo', 'Nữ', 'Huế', 'Gò Vấp, TP. Hồ Chí Minh', '100000000053', '0900000052', '000053@vidu.vn', 'KV2-NT', 0, 'Nghệ An'),
('000054', 'Dương Kim Dũng', '2006-08-31', 'Kinh', 'Công giáo', 'Nữ', 'Đồng Nai', 'Thành phố Thanh Hóa', '100000000054', '0900000053', '000054@vidu.vn', 'KV2-NT', 2, 'Hà Nội'),
('000055', 'Võ Diệu Hà', '2006-12-27', 'Kinh', 'Phật giáo', 'Nữ', 'An Giang', 'Long Xuyên, An Giang', '100000000055', '0900000054', '000055@vidu.vn', 'KV2', 2, 'Cần Thơ'),
('000056', 'Hoàng Tuấn Sơn', '2007-01-10', 'Kinh', 'Công giáo', 'Nữ', 'Huế', 'Hải Châu, Đà Nẵng', '100000000056', '0900000055', '000056@vidu.vn', 'KV2-NT', 1, 'Cần Thơ'),
('000057', 'Cao Quốc Tuấn', '2007-01-13', 'Kinh', 'Phật giáo', 'Nam', 'Huế', 'Thành phố Thanh Hóa', '100000000057', '0900000056', '000057@vidu.vn', 'KV3', 0, 'Nam Định'),
('000058', 'Tôn Hoàng Mai', '2007-02-23', 'Kinh', 'Tin lành', 'Nữ', 'Cần Thơ', 'Hải Châu, Đà Nẵng', '100000000058', '0900000057', '000058@vidu.vn', 'KV1', 0, 'Cần Thơ'),
('000059', 'Cao Xuân Nhi', '2006-06-08', 'Kinh', 'Công giáo', 'Nữ', 'Quảng Nam', 'Long Xuyên, An Giang', '100000000059', '0900000058', '000059@vidu.vn', 'KV1', 1, 'TP. Hồ Chí Minh'),
('000060', 'Tôn Ngọc Lan', '2006-08-06', 'Kinh', 'Phật giáo', 'Nam', 'Hà Nội', 'Quận 1, TP. Hồ Chí Minh', '100000000060', '0900000059', '000060@vidu.vn', 'KV2-NT', 0, 'Đà Nẵng'),
('000061', 'Đặng Gia Dũng', '2007-11-08', 'Kinh', 'Công giáo', 'Nam', 'Hà Nội', 'Hải Châu, Đà Nẵng', '100000000061', '0900000060', '000061@vidu.vn', 'KV1', 0, 'Hà Nội'),
('000062', 'Lý Nhật Dũng', '2006-03-07', 'Kinh', 'Tin lành', 'Nam', 'Nam Định', 'Gò Vấp, TP. Hồ Chí Minh', '100000000062', '0900000061', '000062@vidu.vn', 'KV2-NT', 2, 'An Giang'),
('000063', 'Đinh Đình Trang', '2007-12-04', 'Kinh', 'Công giáo', 'Nam', 'Cần Thơ', 'Gò Vấp, TP. Hồ Chí Minh', '100000000063', '0900000062', '000063@vidu.vn', 'KV3', 0, 'Hải Phòng'),
('000064', 'Mai Hoàng Tuấn', '2007-06-02', 'Kinh', 'Tin lành', 'Nam', 'Quảng Nam', 'Ba Đình, Hà Nội', '100000000064', '0900000063', '000064@vidu.vn', 'KV1', 2, 'Hà Tĩnh'),
('000065', 'Hoàng Kim Chi', '2006-04-04', 'Kinh', 'Phật giáo', 'Nữ', 'Đà Nẵng', 'Ba Đình, Hà Nội', '100000000065', '0900000064', '000065@vidu.vn', 'KV3', 0, 'TP. Hồ Chí Minh'),
('000066', 'Đoàn Nhật Khánh', '2006-06-08', 'Kinh', 'Không', 'Nữ', 'Nam Định', 'Ninh Kiều, Cần Thơ', '100000000066', '0900000065', '000066@vidu.vn', 'KV1', 0, 'Huế'),
('000067', 'Đặng Văn Hạnh', '2006-10-07', 'Kinh', 'Phật giáo', 'Nam', 'Lâm Đồng', 'Đống Đa, Hà Nội', '100000000067', '0900000066', '000067@vidu.vn', 'KV2-NT', 0, 'Đồng Nai'),
('000068', 'Bùi Thu Phương', '2007-08-05', 'Kinh', 'Không', 'Nam', 'Đà Nẵng', 'Quận 1, TP. Hồ Chí Minh', '100000000068', '0900000067', '000068@vidu.vn', 'KV2', 0, 'Huế'),
('000069', 'Đoàn Kim Yến', '2007-11-15', 'Kinh', 'Không', 'Nam', 'Lâm Đồng', 'Quận 1, TP. Hồ Chí Minh', '100000000069', '0900000068', '000069@vidu.vn', 'KV2', 1, 'Thanh Hóa'),
('000070', 'Dương Tuấn Hùng', '2006-08-24', 'Kinh', 'Không', 'Nữ', 'Bình Dương', 'Ba Đình, Hà Nội', '100000000070', '0900000069', '000070@vidu.vn', 'KV3', 0, 'Hà Tĩnh'),
('000071', 'Phan Diệu Tuấn', '2007-12-08', 'Kinh', 'Tin lành', 'Nam', 'Bình Dương', 'Ba Đình, Hà Nội', '100000000071', '0900000070', '000071@vidu.vn', 'KV3', 0, 'Đồng Nai'),
('000072', 'Mai Minh Sơn', '2006-12-24', 'Kinh', 'Phật giáo', 'Nam', 'Bình Dương', 'Nha Trang, Khánh Hòa', '100000000072', '0900000071', '000072@vidu.vn', 'KV2', 0, 'Huế'),
('000073', 'Đoàn Phương Tuấn', '2007-11-29', 'Kinh', 'Không', 'Nữ', 'Khánh Hòa', 'Long Xuyên, An Giang', '100000000073', '0900000072', '000073@vidu.vn', 'KV2-NT', 0, 'Nam Định'),
('000074', 'Huỳnh Hoàng Chi', '2007-10-23', 'Kinh', 'Tin lành', 'Nam', 'Đà Nẵng', 'Thành phố Thanh Hóa', '100000000074', '0900000073', '000074@vidu.vn', 'KV3', 1, 'Thanh Hóa'),
('000075', 'Đỗ Ngọc Yến', '2007-10-24', 'Kinh', 'Phật giáo', 'Nữ', 'Nghệ An', 'Quận 1, TP. Hồ Chí Minh', '100000000075', '0900000074', '000075@vidu.vn', 'KV2', 1, 'Bình Dương'),
('000076', 'Đặng Diệu Trung', '2006-06-03', 'Kinh', 'Tin lành', 'Nữ', 'Khánh Hòa', 'Ba Đình, Hà Nội', '100000000076', '0900000075', '000076@vidu.vn', 'KV2', 0, 'Hải Phòng'),
('000077', 'Huỳnh Hoàng Hạnh', '2006-08-08', 'Kinh', 'Phật giáo', 'Nam', 'Khánh Hòa', 'Gò Vấp, TP. Hồ Chí Minh', '100000000077', '0900000076', '000077@vidu.vn', 'KV2', 0, 'Đà Nẵng'),
('000078', 'Hoàng Diệu Quân', '2006-06-07', 'Kinh', 'Tin lành', 'Nam', 'Nghệ An', 'Hải Châu, Đà Nẵng', '100000000078', '0900000077', '000078@vidu.vn', 'KV2', 1, 'Bình Dương'),
('000079', 'Đinh Minh Phúc', '2007-11-26', 'Kinh', 'Phật giáo', 'Nữ', 'Hà Tĩnh', 'Gò Vấp, TP. Hồ Chí Minh', '100000000079', '0900000078', '000079@vidu.vn', 'KV2-NT', 1, 'Thanh Hóa'),
('000080', 'Phạm Hoàng Chi', '2006-06-14', 'Kinh', 'Phật giáo', 'Nam', 'Huế', 'Gò Vấp, TP. Hồ Chí Minh', '100000000080', '0900000079', '000080@vidu.vn', 'KV2', 1, 'Hà Tĩnh'),
('000081', 'Đỗ Quốc Đức', '2007-10-28', 'Kinh', 'Tin lành', 'Nữ', 'Khánh Hòa', 'Hải Châu, Đà Nẵng', '100000000081', '0900000080', '000081@vidu.vn', 'KV2', 0, 'Hải Phòng'),
('000082', 'Vũ Đức Huy', '2007-09-16', 'Kinh', 'Không', 'Nữ', 'Quảng Nam', 'Ba Đình, Hà Nội', '100000000082', '0900000081', '000082@vidu.vn', 'KV2-NT', 0, 'TP. Hồ Chí Minh'),
('000083', 'Mai Phương Linh', '2006-05-28', 'Kinh', 'Phật giáo', 'Nữ', 'Lâm Đồng', 'Tân Bình, TP. Hồ Chí Minh', '100000000083', '0900000082', '000083@vidu.vn', 'KV1', 2, 'Quảng Nam'),
('000084', 'Mai Tuấn Yến', '2007-06-04', 'Kinh', 'Công giáo', 'Nữ', 'Hà Nội', 'Tân Bình, TP. Hồ Chí Minh', '100000000084', '0900000083', '000084@vidu.vn', 'KV3', 0, 'Huế'),
('000085', 'Hoàng Thị Phúc', '2007-07-14', 'Kinh', 'Phật giáo', 'Nữ', 'Khánh Hòa', 'Long Xuyên, An Giang', '100000000085', '0900000084', '000085@vidu.vn', 'KV2', 1, 'Hải Phòng'),
('000086', 'Vũ Thị Oanh', '2006-11-14', 'Kinh', 'Phật giáo', 'Nam', 'Đồng Nai', 'Vinh, Nghệ An', '100000000086', '0900000085', '000086@vidu.vn', 'KV3', 0, 'Lâm Đồng'),
('000087', 'Huỳnh Xuân Sơn', '2007-02-14', 'Kinh', 'Tin lành', 'Nữ', 'Hà Tĩnh', 'Tân Bình, TP. Hồ Chí Minh', '100000000087', '0900000086', '000087@vidu.vn', 'KV2-NT', 0, 'Bình Dương'),
('000088', 'Phan Tuấn Nam', '2006-11-25', 'Kinh', 'Tin lành', 'Nữ', 'Cần Thơ', 'Ba Đình, Hà Nội', '100000000088', '0900000087', '000088@vidu.vn', 'KV2-NT', 0, 'Quảng Nam'),
('000089', 'Đặng Thị Chi', '2007-11-19', 'Kinh', 'Tin lành', 'Nam', 'Đồng Nai', 'Đống Đa, Hà Nội', '100000000089', '0900000088', '000089@vidu.vn', 'KV2', 0, 'TP. Hồ Chí Minh'),
('000090', 'Trần Diệu Giang', '2007-11-27', 'Kinh', 'Phật giáo', 'Nam', 'Hà Tĩnh', 'Đống Đa, Hà Nội', '100000000090', '0900000089', '000090@vidu.vn', 'KV2-NT', 1, 'Bình Dương'),
('000091', 'Đặng Thanh Hùng', '2007-04-02', 'Kinh', 'Không', 'Nam', 'Thanh Hóa', 'Thành phố Thanh Hóa', '100000000091', '0900000090', '000091@vidu.vn', 'KV2-NT', 1, 'Hải Phòng'),
('000092', 'Đỗ Hữu Hùng', '2006-03-08', 'Kinh', 'Phật giáo', 'Nữ', 'Lâm Đồng', 'Lê Chân, Hải Phòng', '100000000092', '0900000091', '000092@vidu.vn', 'KV2', 0, 'Cần Thơ'),
('000093', 'Hoàng Diệu Sơn', '2006-03-30', 'Kinh', 'Tin lành', 'Nữ', 'Đà Nẵng', 'Lê Chân, Hải Phòng', '100000000093', '0900000092', '000093@vidu.vn', 'KV3', 1, 'Đà Nẵng'),
('000094', 'Hoàng Tuấn Mai', '2007-08-25', 'Kinh', 'Không', 'Nam', 'Nghệ An', 'Hải Châu, Đà Nẵng', '100000000094', '0900000093', '000094@vidu.vn', 'KV3', 2, 'Hải Phòng'),
('000095', 'Vũ Tuấn Minh', '2006-05-09', 'Kinh', 'Phật giáo', 'Nam', 'Lâm Đồng', 'Thành phố Thanh Hóa', '100000000095', '0900000094', '000095@vidu.vn', 'KV1', 2, 'Nghệ An'),
('000096', 'Đặng Minh Phương', '2007-08-09', 'Kinh', 'Công giáo', 'Nữ', 'Quảng Nam', 'Thành phố Thanh Hóa', '100000000096', '0900000095', '000096@vidu.vn', 'KV1', 1, 'Nam Định'),
('000097', 'Đỗ Diệu Giang', '2006-11-17', 'Kinh', 'Công giáo', 'Nam', 'Khánh Hòa', 'Nha Trang, Khánh Hòa', '100000000097', '0900000096', '000097@vidu.vn', 'KV2-NT', 1, 'Cần Thơ'),
('000098', 'Bùi Đình Trung', '2007-09-23', 'Kinh', 'Phật giáo', 'Nữ', 'Quảng Nam', 'Ninh Kiều, Cần Thơ', '100000000098', '0900000097', '000098@vidu.vn', 'KV2', 0, 'Nghệ An'),
('000099', 'Dương Nhật Tuấn', '2006-09-04', 'Kinh', 'Công giáo', 'Nam', 'Thanh Hóa', 'Thành phố Thanh Hóa', '100000000099', '0900000098', '000099@vidu.vn', 'KV2-NT', 0, 'Nam Định'),
('000100', 'Phạm Xuân Giang', '2006-09-28', 'Kinh', 'Không', 'Nữ', 'Bình Dương', 'Tân Bình, TP. Hồ Chí Minh', '100000000100', '0900000099', '000100@vidu.vn', 'KV2-NT', 0, 'Thanh Hóa'),
('000101', 'Huỳnh Thu Huy', '2007-01-10', 'Kinh', 'Không', 'Nam', 'Hải Phòng', 'Ninh Kiều, Cần Thơ', '100000000101', '0900000100', '000101@vidu.vn', 'KV3', 2, 'TP. Hồ Chí Minh'),
('000102', 'Mai Đức Oanh', '2007-09-20', 'Kinh', 'Công giáo', 'Nữ', 'Khánh Hòa', 'Hải Châu, Đà Nẵng', '100000000102', '0900000101', '000102@vidu.vn', 'KV3', 2, 'Nam Định'),
('000103', 'Nguyễn Diệu Vy', '2006-09-29', 'Kinh', 'Phật giáo', 'Nữ', 'An Giang', 'Nha Trang, Khánh Hòa', '100000000103', '0900000102', '000103@vidu.vn', 'KV1', 2, 'Đồng Nai'),
('000104', 'Tôn Thu Trang', '2006-06-05', 'Kinh', 'Không', 'Nữ', 'Quảng Nam', 'Nha Trang, Khánh Hòa', '100000000104', '0900000103', '000104@vidu.vn', 'KV2', 1, 'Hải Phòng'),
('000105', 'Đặng Diệu Vy', '2006-07-16', 'Kinh', 'Công giáo', 'Nữ', 'An Giang', 'Lê Chân, Hải Phòng', '100000000105', '0900000104', '000105@vidu.vn', 'KV2-NT', 0, 'Thanh Hóa'),
('000106', 'Huỳnh Đức Nam', '2006-02-13', 'Kinh', 'Công giáo', 'Nữ', 'Lâm Đồng', 'Nha Trang, Khánh Hòa', '100000000106', '0900000105', '000106@vidu.vn', 'KV1', 0, 'Nam Định'),
('000107', 'Mai Bảo Mai', '2006-08-27', 'Kinh', 'Không', 'Nữ', 'TP. Hồ Chí Minh', 'Ba Đình, Hà Nội', '100000000107', '0900000106', '000107@vidu.vn', 'KV3', 0, 'Hải Phòng'),
('000108', 'Đỗ Hoàng Mai', '2006-03-02', 'Kinh', 'Phật giáo', 'Nam', 'Đà Nẵng', 'Long Xuyên, An Giang', '100000000108', '0900000107', '000108@vidu.vn', 'KV2', 2, 'Quảng Nam'),
('000109', 'Bùi Phương Thảo', '2006-04-20', 'Kinh', 'Phật giáo', 'Nữ', 'Khánh Hòa', 'Lê Chân, Hải Phòng', '100000000109', '0900000108', '000109@vidu.vn', 'KV3', 2, 'Hà Tĩnh'),
('000110', 'Phan Diệu Trung', '2007-10-17', 'Kinh', 'Không', 'Nữ', 'Đồng Nai', 'Tân Bình, TP. Hồ Chí Minh', '100000000110', '0900000109', '000110@vidu.vn', 'KV2-NT', 0, 'Nghệ An'),
('000111', 'Đoàn Phương An', '2006-09-25', 'Kinh', 'Tin lành', 'Nam', 'Bình Dương', 'Nha Trang, Khánh Hòa', '100000000111', '0900000110', '000111@vidu.vn', 'KV2', 0, 'Lâm Đồng'),
('000112', 'Võ Đức Vy', '2006-06-06', 'Kinh', 'Phật giáo', 'Nữ', 'Hà Tĩnh', 'Nha Trang, Khánh Hòa', '100000000112', '0900000111', '000112@vidu.vn', 'KV2-NT', 1, 'An Giang'),
('000113', 'Cao Nhật Khánh', '2007-08-10', 'Kinh', 'Không', 'Nữ', 'Hải Phòng', 'Hải Châu, Đà Nẵng', '100000000113', '0900000112', '000113@vidu.vn', 'KV2-NT', 2, 'Thanh Hóa'),
('000114', 'Hoàng Nhật Trang', '2007-04-13', 'Kinh', 'Tin lành', 'Nam', 'TP. Hồ Chí Minh', 'Vinh, Nghệ An', '100000000114', '0900000113', '000114@vidu.vn', 'KV3', 0, 'Huế'),
('000115', 'Đinh Thị Nam', '2007-02-23', 'Kinh', 'Tin lành', 'Nữ', 'Nghệ An', 'Hải Châu, Đà Nẵng', '100000000115', '0900000114', '000115@vidu.vn', 'KV3', 0, 'Đồng Nai'),
('000116', 'Mai Đức Kiên', '2006-08-17', 'Kinh', 'Tin lành', 'Nữ', 'Hà Nội', 'Quận 1, TP. Hồ Chí Minh', '100000000116', '0900000115', '000116@vidu.vn', 'KV2-NT', 1, 'An Giang'),
('000117', 'Nguyễn Bảo Khánh', '2006-03-10', 'Kinh', 'Phật giáo', 'Nam', 'Cần Thơ', 'Thành phố Thanh Hóa', '100000000117', '0900000116', '000117@vidu.vn', 'KV1', 1, 'TP. Hồ Chí Minh'),
('000118', 'Mai Hoàng Linh', '2007-08-13', 'Kinh', 'Phật giáo', 'Nữ', 'Khánh Hòa', 'Thành phố Thanh Hóa', '100000000118', '0900000117', '000118@vidu.vn', 'KV2-NT', 0, 'An Giang'),
('000119', 'Huỳnh Đình Hà', '2007-06-22', 'Kinh', 'Công giáo', 'Nam', 'Khánh Hòa', 'Nha Trang, Khánh Hòa', '100000000119', '0900000118', '000119@vidu.vn', 'KV3', 1, 'Đồng Nai'),
('000120', 'Hoàng Hồng Vân', '2006-03-01', 'Kinh', 'Công giáo', 'Nam', 'Quảng Nam', 'Tân Bình, TP. Hồ Chí Minh', '100000000120', '0900000119', '000120@vidu.vn', 'KV2', 1, 'Thanh Hóa'),
('000121', 'Lê Minh Hà', '2007-08-25', 'Kinh', 'Không', 'Nữ', 'Thanh Hóa', 'Gò Vấp, TP. Hồ Chí Minh', '100000000121', '0900000120', '000121@vidu.vn', 'KV2', 0, 'Thanh Hóa'),
('000122', 'Võ Tuấn Oanh', '2006-10-17', 'Kinh', 'Công giáo', 'Nữ', 'Đồng Nai', 'Gò Vấp, TP. Hồ Chí Minh', '100000000122', '0900000121', '000122@vidu.vn', 'KV2-NT', 0, 'Nam Định'),
('000123', 'Võ Đức An', '2006-09-25', 'Kinh', 'Phật giáo', 'Nữ', 'Quảng Nam', 'Lê Chân, Hải Phòng', '100000000123', '0900000122', '000123@vidu.vn', 'KV2', 0, 'Đồng Nai'),
('000124', 'Hoàng Tuấn Vy', '2006-07-08', 'Kinh', 'Không', 'Nam', 'TP. Hồ Chí Minh', 'Vinh, Nghệ An', '100000000124', '0900000123', '000124@vidu.vn', 'KV1', 0, 'Quảng Nam'),
('000125', 'Mai Hồng Phúc', '2006-03-03', 'Kinh', 'Tin lành', 'Nam', 'Nam Định', 'Long Xuyên, An Giang', '100000000125', '0900000124', '000125@vidu.vn', 'KV3', 0, 'Hà Nội'),
('000126', 'Lý Gia Dũng', '2006-04-09', 'Kinh', 'Công giáo', 'Nữ', 'Hải Phòng', 'Ninh Kiều, Cần Thơ', '100000000126', '0900000125', '000126@vidu.vn', 'KV2', 2, 'Huế'),
('000127', 'Lê Đình Quân', '2007-01-22', 'Kinh', 'Tin lành', 'Nam', 'Nam Định', 'Quận 1, TP. Hồ Chí Minh', '100000000127', '0900000126', '000127@vidu.vn', 'KV1', 0, 'Quảng Nam'),
('000128', 'Đặng Thị Vân', '2006-03-18', 'Kinh', 'Không', 'Nữ', 'Huế', 'Vinh, Nghệ An', '100000000128', '0900000127', '000128@vidu.vn', 'KV1', 0, 'Thanh Hóa'),
('000129', 'Phan Phương Linh', '2007-08-04', 'Kinh', 'Không', 'Nam', 'Đồng Nai', 'Long Xuyên, An Giang', '100000000129', '0900000128', '000129@vidu.vn', 'KV2-NT', 1, 'Bình Dương'),
('000130', 'Đặng Hồng Vy', '2006-08-22', 'Kinh', 'Tin lành', 'Nam', 'Bình Dương', 'Vinh, Nghệ An', '100000000130', '0900000129', '000130@vidu.vn', 'KV3', 1, 'Đà Nẵng'),
('000131', 'Huỳnh Quốc Chi', '2006-01-06', 'Kinh', 'Phật giáo', 'Nam', 'Lâm Đồng', 'Gò Vấp, TP. Hồ Chí Minh', '100000000131', '0900000130', '000131@vidu.vn', 'KV2-NT', 0, 'Đà Nẵng'),
('000132', 'Lê Hữu Huy', '2006-04-06', 'Kinh', 'Tin lành', 'Nữ', 'Khánh Hòa', 'Tân Bình, TP. Hồ Chí Minh', '100000000132', '0900000131', '000132@vidu.vn', 'KV1', 0, 'Đà Nẵng'),
('000133', 'Phan Xuân Minh', '2007-03-08', 'Kinh', 'Phật giáo', 'Nữ', 'Lâm Đồng', 'Gò Vấp, TP. Hồ Chí Minh', '100000000133', '0900000132', '000133@vidu.vn', 'KV1', 0, 'Nam Định'),
('000134', 'Đỗ Hồng Oanh', '2007-03-17', 'Kinh', 'Tin lành', 'Nam', 'Hải Phòng', 'Lê Chân, Hải Phòng', '100000000134', '0900000133', '000134@vidu.vn', 'KV2-NT', 2, 'Khánh Hòa'),
('000135', 'Võ Thu Quân', '2006-10-15', 'Kinh', 'Phật giáo', 'Nam', 'Đồng Nai', 'Đống Đa, Hà Nội', '100000000135', '0900000134', '000135@vidu.vn', 'KV1', 2, 'Hà Nội'),
('000136', 'Hoàng Xuân Hà', '2007-01-22', 'Kinh', 'Tin lành', 'Nữ', 'Đà Nẵng', 'Gò Vấp, TP. Hồ Chí Minh', '100000000136', '0900000135', '000136@vidu.vn', 'KV3', 2, 'TP. Hồ Chí Minh'),
('000137', 'Phan Diệu Bình', '2007-07-31', 'Kinh', 'Không', 'Nam', 'Đồng Nai', 'Đống Đa, Hà Nội', '100000000137', '0900000136', '000137@vidu.vn', 'KV3', 0, 'Huế'),
('000138', 'Mai Đức Phúc', '2006-01-26', 'Kinh', 'Không', 'Nam', 'Nam Định', 'Ba Đình, Hà Nội', '100000000138', '0900000137', '000138@vidu.vn', 'KV2-NT', 1, 'Hải Phòng'),
('000139', 'Trần Quốc An', '2006-12-18', 'Kinh', 'Phật giáo', 'Nam', 'Cần Thơ', 'Long Xuyên, An Giang', '100000000139', '0900000138', '000139@vidu.vn', 'KV2', 0, 'Khánh Hòa'),
('000140', 'Vũ Hồng Nhi', '2007-03-16', 'Kinh', 'Không', 'Nữ', 'Đồng Nai', 'Quận 1, TP. Hồ Chí Minh', '100000000140', '0900000139', '000140@vidu.vn', 'KV2', 0, 'Cần Thơ'),
('000141', 'Đinh Nhật Mai', '2006-11-17', 'Kinh', 'Công giáo', 'Nam', 'Đồng Nai', 'Thành phố Thanh Hóa', '100000000141', '0900000140', '000141@vidu.vn', 'KV3', 2, 'Bình Dương'),
('000142', 'Phạm Bảo Nam', '2006-04-30', 'Kinh', 'Tin lành', 'Nữ', 'Nghệ An', 'Đống Đa, Hà Nội', '100000000142', '0900000141', '000142@vidu.vn', 'KV2', 2, 'Hải Phòng'),
('000143', 'Tôn Diệu Bình', '2007-01-03', 'Kinh', 'Tin lành', 'Nữ', 'Hà Nội', 'Gò Vấp, TP. Hồ Chí Minh', '100000000143', '0900000142', '000143@vidu.vn', 'KV2', 0, 'Quảng Nam'),
('000144', 'Nguyễn Bảo Nam', '2006-02-03', 'Kinh', 'Tin lành', 'Nữ', 'Huế', 'Ninh Kiều, Cần Thơ', '100000000144', '0900000143', '000144@vidu.vn', 'KV2-NT', 0, 'Cần Thơ'),
('000145', 'Võ Hoàng Trung', '2006-02-03', 'Kinh', 'Không', 'Nữ', 'Hà Tĩnh', 'Lê Chân, Hải Phòng', '100000000145', '0900000144', '000145@vidu.vn', 'KV2-NT', 0, 'An Giang'),
('000146', 'Vũ Minh Hà', '2006-03-02', 'Kinh', 'Công giáo', 'Nam', 'Bình Dương', 'Vinh, Nghệ An', '100000000146', '0900000145', '000146@vidu.vn', 'KV2-NT', 2, 'Lâm Đồng'),
('000147', 'Hoàng Đức Linh', '2006-05-30', 'Kinh', 'Công giáo', 'Nam', 'Khánh Hòa', 'Ninh Kiều, Cần Thơ', '100000000147', '0900000146', '000147@vidu.vn', 'KV3', 1, 'Quảng Nam'),
('000148', 'Lê Hồng Mai', '2007-11-12', 'Kinh', 'Phật giáo', 'Nữ', 'Bình Dương', 'Ba Đình, Hà Nội', '100000000148', '0900000147', '000148@vidu.vn', 'KV3', 0, 'Nam Định'),
('000149', 'Trần Thị Dũng', '2007-10-04', 'Kinh', 'Tin lành', 'Nữ', 'Hà Tĩnh', 'Quận 1, TP. Hồ Chí Minh', '100000000149', '0900000148', '000149@vidu.vn', 'KV1', 0, 'Hà Nội'),
('000150', 'Huỳnh Thanh Chi', '2007-01-16', 'Kinh', 'Tin lành', 'Nam', 'Nghệ An', 'Quận 1, TP. Hồ Chí Minh', '100000000150', '0900000149', '000150@vidu.vn', 'KV3', 0, 'Đà Nẵng'),
('000151', 'Lý Đức Vy', '2006-03-14', 'Kinh', 'Công giáo', 'Nam', 'An Giang', 'Tân Bình, TP. Hồ Chí Minh', '100000000151', '0900000150', '000151@vidu.vn', 'KV1', 0, 'Bình Dương'),
('000152', 'Hoàng Ngọc Yến', '2007-07-31', 'Kinh', 'Phật giáo', 'Nữ', 'Hà Nội', 'Thành phố Thanh Hóa', '100000000152', '0900000151', '000152@vidu.vn', 'KV2', 1, 'Hải Phòng'),
('000153', 'Huỳnh Xuân Oanh', '2006-05-24', 'Kinh', 'Không', 'Nữ', 'An Giang', 'Lê Chân, Hải Phòng', '100000000153', '0900000152', '000153@vidu.vn', 'KV1', 0, 'Lâm Đồng'),
('000154', 'Lê Nhật Sơn', '2006-01-13', 'Kinh', 'Công giáo', 'Nữ', 'Bình Dương', 'Đống Đa, Hà Nội', '100000000154', '0900000153', '000154@vidu.vn', 'KV2', 1, 'Nghệ An'),
('000155', 'Đặng Minh Bình', '2006-03-03', 'Kinh', 'Tin lành', 'Nữ', 'Đồng Nai', 'Vinh, Nghệ An', '100000000155', '0900000154', '000155@vidu.vn', 'KV2-NT', 2, 'Đồng Nai'),
('000156', 'Lê Nhật Vân', '2006-07-28', 'Kinh', 'Công giáo', 'Nam', 'Hải Phòng', 'Vinh, Nghệ An', '100000000156', '0900000155', '000156@vidu.vn', 'KV2-NT', 1, 'Quảng Nam'),
('000157', 'Phan Quốc An', '2007-12-26', 'Kinh', 'Công giáo', 'Nữ', 'Hải Phòng', 'Nha Trang, Khánh Hòa', '100000000157', '0900000156', '000157@vidu.vn', 'KV1', 0, 'Huế'),
('000158', 'Đặng Quốc Phương', '2006-01-31', 'Kinh', 'Công giáo', 'Nam', 'Khánh Hòa', 'Tân Bình, TP. Hồ Chí Minh', '100000000158', '0900000157', '000158@vidu.vn', 'KV2-NT', 2, 'Đà Nẵng'),
('000159', 'Phạm Bảo Kiên', '2007-06-06', 'Kinh', 'Tin lành', 'Nam', 'Hà Nội', 'Quận 1, TP. Hồ Chí Minh', '100000000159', '0900000158', '000159@vidu.vn', 'KV1', 0, 'Bình Dương'),
('000160', 'Đặng Ngọc Nhi', '2007-01-17', 'Kinh', 'Không', 'Nam', 'Cần Thơ', 'Vinh, Nghệ An', '100000000160', '0900000159', '000160@vidu.vn', 'KV1', 0, 'Đồng Nai'),
('000161', 'Tôn Văn Phúc', '2006-07-25', 'Kinh', 'Tin lành', 'Nam', 'Lâm Đồng', 'Thành phố Thanh Hóa', '100000000161', '0900000160', '000161@vidu.vn', 'KV2-NT', 2, 'Bình Dương'),
('000162', 'Cao Hữu Mai', '2007-12-12', 'Kinh', 'Không', 'Nữ', 'Hà Nội', 'Đống Đa, Hà Nội', '100000000162', '0900000161', '000162@vidu.vn', 'KV1', 1, 'Thanh Hóa'),
('000163', 'Huỳnh Hồng Kiên', '2006-03-28', 'Kinh', 'Không', 'Nam', 'Cần Thơ', 'Vinh, Nghệ An', '100000000163', '0900000162', '000163@vidu.vn', 'KV2', 1, 'Quảng Nam'),
('000164', 'Võ Ngọc Khánh', '2006-05-20', 'Kinh', 'Tin lành', 'Nữ', 'Cần Thơ', 'Hải Châu, Đà Nẵng', '100000000164', '0900000163', '000164@vidu.vn', 'KV1', 0, 'Khánh Hòa'),
('000165', 'Bùi Diệu Bình', '2006-08-09', 'Kinh', 'Tin lành', 'Nữ', 'Khánh Hòa', 'Hải Châu, Đà Nẵng', '100000000165', '0900000164', '000165@vidu.vn', 'KV1', 0, 'TP. Hồ Chí Minh'),
('000166', 'Phạm Đức Dũng', '2006-01-13', 'Kinh', 'Công giáo', 'Nữ', 'TP. Hồ Chí Minh', 'Ninh Kiều, Cần Thơ', '100000000166', '0900000165', '000166@vidu.vn', 'KV2', 0, 'Đà Nẵng'),
('000167', 'Tôn Đức Chi', '2006-12-06', 'Kinh', 'Tin lành', 'Nam', 'Cần Thơ', 'Quận 1, TP. Hồ Chí Minh', '100000000167', '0900000166', '000167@vidu.vn', 'KV3', 0, 'Đồng Nai'),
('000168', 'Võ Hoàng Vy', '2007-02-26', 'Kinh', 'Phật giáo', 'Nữ', 'Nam Định', 'Quận 1, TP. Hồ Chí Minh', '100000000168', '0900000167', '000168@vidu.vn', 'KV1', 0, 'Quảng Nam'),
('000169', 'Huỳnh Kim Huy', '2007-05-12', 'Kinh', 'Phật giáo', 'Nữ', 'Bình Dương', 'Thành phố Thanh Hóa', '100000000169', '0900000168', '000169@vidu.vn', 'KV2-NT', 1, 'Hà Nội'),
('000170', 'Đinh Nhật Phúc', '2007-08-22', 'Kinh', 'Công giáo', 'Nam', 'An Giang', 'Hải Châu, Đà Nẵng', '100000000170', '0900000169', '000170@vidu.vn', 'KV1', 0, 'TP. Hồ Chí Minh'),
('000171', 'Huỳnh Phương An', '2007-12-22', 'Kinh', 'Tin lành', 'Nam', 'Bình Dương', 'Thành phố Thanh Hóa', '100000000171', '0900000170', '000171@vidu.vn', 'KV2', 2, 'Lâm Đồng'),
('000172', 'Trần Bảo Thảo', '2006-08-13', 'Kinh', 'Phật giáo', 'Nữ', 'Hà Nội', 'Vinh, Nghệ An', '100000000172', '0900000171', '000172@vidu.vn', 'KV3', 0, 'Hải Phòng'),
('000173', 'Hoàng Phương Hùng', '2006-05-26', 'Kinh', 'Tin lành', 'Nữ', 'Cần Thơ', 'Vinh, Nghệ An', '100000000173', '0900000172', '000173@vidu.vn', 'KV2-NT', 0, 'Cần Thơ'),
('000174', 'Cao Diệu Hà', '2007-01-01', 'Kinh', 'Công giáo', 'Nữ', 'An Giang', 'Long Xuyên, An Giang', '100000000174', '0900000173', '000174@vidu.vn', 'KV2', 1, 'Hải Phòng'),
('000175', 'Đoàn Đình Trung', '2007-08-05', 'Kinh', 'Không', 'Nam', 'TP. Hồ Chí Minh', 'Hải Châu, Đà Nẵng', '100000000175', '0900000174', '000175@vidu.vn', 'KV2-NT', 2, 'Nam Định'),
('000176', 'Lê Thu Tuấn', '2006-01-12', 'Kinh', 'Công giáo', 'Nữ', 'Huế', 'Ninh Kiều, Cần Thơ', '100000000176', '0900000175', '000176@vidu.vn', 'KV2', 0, 'Cần Thơ'),
('000177', 'Phạm Kim Hà', '2007-08-15', 'Kinh', 'Công giáo', 'Nam', 'An Giang', 'Hải Châu, Đà Nẵng', '100000000177', '0900000176', '000177@vidu.vn', 'KV3', 0, 'Hà Nội'),
('000178', 'Nguyễn Xuân Mai', '2006-06-18', 'Kinh', 'Phật giáo', 'Nữ', 'Quảng Nam', 'Hải Châu, Đà Nẵng', '100000000178', '0900000177', '000178@vidu.vn', 'KV1', 0, 'Thanh Hóa'),
('000179', 'Đoàn Tuấn Đức', '2007-05-18', 'Kinh', 'Không', 'Nữ', 'Hải Phòng', 'Quận 1, TP. Hồ Chí Minh', '100000000179', '0900000178', '000179@vidu.vn', 'KV2-NT', 0, 'Lâm Đồng'),
('000180', 'Bùi Đình Vy', '2007-05-16', 'Kinh', 'Tin lành', 'Nữ', 'Huế', 'Ba Đình, Hà Nội', '100000000180', '0900000179', '000180@vidu.vn', 'KV3', 0, 'Bình Dương'),
('000181', 'Tôn Hồng Minh', '2006-08-20', 'Kinh', 'Không', 'Nam', 'Huế', 'Thành phố Thanh Hóa', '100000000181', '0900000180', '000181@vidu.vn', 'KV1', 0, 'Bình Dương'),
('000182', 'Dương Nhật Trang', '2007-07-03', 'Kinh', 'Không', 'Nữ', 'Nam Định', 'Thành phố Thanh Hóa', '100000000182', '0900000181', '000182@vidu.vn', 'KV2', 1, 'Đồng Nai'),
('000183', 'Phan Minh Hà', '2006-07-17', 'Kinh', 'Phật giáo', 'Nữ', 'Hải Phòng', 'Quận 1, TP. Hồ Chí Minh', '100000000183', '0900000182', '000183@vidu.vn', 'KV3', 0, 'Hải Phòng'),
('000184', 'Dương Tuấn Quân', '2007-07-20', 'Kinh', 'Không', 'Nữ', 'Khánh Hòa', 'Lê Chân, Hải Phòng', '100000000184', '0900000183', '000184@vidu.vn', 'KV3', 0, 'Quảng Nam'),
('000185', 'Phạm Hoàng Trung', '2007-07-03', 'Kinh', 'Tin lành', 'Nữ', 'Bình Dương', 'Tân Bình, TP. Hồ Chí Minh', '100000000185', '0900000184', '000185@vidu.vn', 'KV2-NT', 1, 'TP. Hồ Chí Minh'),
('000186', 'Đỗ Bảo Bình', '2007-05-02', 'Kinh', 'Công giáo', 'Nữ', 'Huế', 'Đống Đa, Hà Nội', '100000000186', '0900000185', '000186@vidu.vn', 'KV1', 0, 'Huế'),
('000187', 'Đặng Xuân Thảo', '2007-10-24', 'Kinh', 'Tin lành', 'Nữ', 'Đà Nẵng', 'Ninh Kiều, Cần Thơ', '100000000187', '0900000186', '000187@vidu.vn', 'KV3', 0, 'Bình Dương'),
('000188', 'Phan Minh Sơn', '2006-07-25', 'Kinh', 'Công giáo', 'Nam', 'TP. Hồ Chí Minh', 'Ninh Kiều, Cần Thơ', '100000000188', '0900000187', '000188@vidu.vn', 'KV1', 1, 'Thanh Hóa'),
('000189', 'Nguyễn Bảo Phúc', '2007-05-16', 'Kinh', 'Công giáo', 'Nữ', 'Hà Tĩnh', 'Hải Châu, Đà Nẵng', '100000000189', '0900000188', '000189@vidu.vn', 'KV3', 2, 'Nghệ An'),
('000190', 'Trần Gia Trung', '2007-08-09', 'Kinh', 'Tin lành', 'Nữ', 'Thanh Hóa', 'Ninh Kiều, Cần Thơ', '100000000190', '0900000189', '000190@vidu.vn', 'KV2', 0, 'Hà Nội'),
('000191', 'Phan Diệu Hà', '2006-01-09', 'Kinh', 'Tin lành', 'Nữ', 'An Giang', 'Lê Chân, Hải Phòng', '100000000191', '0900000190', '000191@vidu.vn', 'KV2-NT', 0, 'Bình Dương'),
('000192', 'Huỳnh Tuấn Mai', '2007-09-01', 'Kinh', 'Công giáo', 'Nam', 'Lâm Đồng', 'Lê Chân, Hải Phòng', '100000000192', '0900000191', '000192@vidu.vn', 'KV1', 1, 'Huế'),
('000193', 'Trần Diệu Quân', '2007-11-08', 'Kinh', 'Công giáo', 'Nữ', 'Khánh Hòa', 'Long Xuyên, An Giang', '100000000193', '0900000192', '000193@vidu.vn', 'KV2', 0, 'Huế'),
('000194', 'Huỳnh Nhật Nam', '2006-06-24', 'Kinh', 'Công giáo', 'Nam', 'Nghệ An', 'Lê Chân, Hải Phòng', '100000000194', '0900000193', '000194@vidu.vn', 'KV1', 1, 'Nghệ An'),
('000195', 'Phạm Kim Bình', '2007-10-12', 'Kinh', 'Tin lành', 'Nam', 'Đà Nẵng', 'Gò Vấp, TP. Hồ Chí Minh', '100000000195', '0900000194', '000195@vidu.vn', 'KV2', 2, 'Lâm Đồng'),
('000196', 'Lê Kim Oanh', '2007-10-09', 'Kinh', 'Công giáo', 'Nữ', 'Nghệ An', 'Đống Đa, Hà Nội', '100000000196', '0900000195', '000196@vidu.vn', 'KV1', 0, 'Thanh Hóa'),
('000197', 'Dương Xuân Vy', '2007-01-28', 'Kinh', 'Công giáo', 'Nam', 'Hà Nội', 'Quận 1, TP. Hồ Chí Minh', '100000000197', '0900000196', '000197@vidu.vn', 'KV2', 0, 'Thanh Hóa'),
('000198', 'Võ Bảo Hùng', '2006-12-19', 'Kinh', 'Phật giáo', 'Nữ', 'Lâm Đồng', 'Hải Châu, Đà Nẵng', '100000000198', '0900000197', '000198@vidu.vn', 'KV1', 1, 'Đà Nẵng'),
('000199', 'Đinh Hữu Phương', '2006-07-12', 'Kinh', 'Phật giáo', 'Nam', 'Nghệ An', 'Tân Bình, TP. Hồ Chí Minh', '100000000199', '0900000198', '000199@vidu.vn', 'KV1', 0, 'Thanh Hóa'),
('000200', 'Trần Diệu Bình', '2007-11-09', 'Kinh', 'Tin lành', 'Nam', 'Cần Thơ', 'Long Xuyên, An Giang', '100000000200', '0900000199', '000200@vidu.vn', 'KV1', 0, 'Hà Tĩnh'),
('000201', 'Mai Thanh Thảo', '2007-09-13', 'Kinh', 'Công giáo', 'Nam', 'Hải Phòng', 'Tân Bình, TP. Hồ Chí Minh', '100000000201', '0900000200', '000201@vidu.vn', 'KV1', 2, 'Cần Thơ'),
('000202', 'Vũ Kim Oanh', '2006-08-29', 'Kinh', 'Phật giáo', 'Nữ', 'Hà Nội', 'Quận 1, TP. Hồ Chí Minh', '100000000202', '0900000201', '000202@vidu.vn', 'KV1', 0, 'Đà Nẵng'),
('000203', 'Phạm Gia Trung', '2006-02-10', 'Kinh', 'Không', 'Nam', 'Lâm Đồng', 'Đống Đa, Hà Nội', '100000000203', '0900000202', '000203@vidu.vn', 'KV2-NT', 1, 'TP. Hồ Chí Minh'),
('000204', 'Phan Thu Phúc', '2007-03-25', 'Kinh', 'Phật giáo', 'Nữ', 'Huế', 'Nha Trang, Khánh Hòa', '100000000204', '0900000203', '000204@vidu.vn', 'KV1', 0, 'Cần Thơ'),
('000205', 'Phan Quốc Trang', '2007-08-28', 'Kinh', 'Công giáo', 'Nữ', 'Nam Định', 'Thành phố Thanh Hóa', '100000000205', '0900000204', '000205@vidu.vn', 'KV3', 0, 'Hà Nội'),
('000206', 'Đặng Thu An', '2007-12-23', 'Kinh', 'Tin lành', 'Nam', 'An Giang', 'Long Xuyên, An Giang', '100000000206', '0900000205', '000206@vidu.vn', 'KV2-NT', 2, 'An Giang'),
('000207', 'Đinh Kim Trung', '2006-06-19', 'Kinh', 'Công giáo', 'Nữ', 'Đà Nẵng', 'Gò Vấp, TP. Hồ Chí Minh', '100000000207', '0900000206', '000207@vidu.vn', 'KV2-NT', 0, 'TP. Hồ Chí Minh'),
('000208', 'Tôn Phương Tuấn', '2006-04-01', 'Kinh', 'Không', 'Nữ', 'Nam Định', 'Gò Vấp, TP. Hồ Chí Minh', '100000000208', '0900000207', '000208@vidu.vn', 'KV2-NT', 0, 'Cần Thơ'),
('000209', 'Trần Bảo Trung', '2007-04-11', 'Kinh', 'Không', 'Nữ', 'Khánh Hòa', 'Vinh, Nghệ An', '100000000209', '0900000208', '000209@vidu.vn', 'KV3', 0, 'Cần Thơ'),
('000210', 'Trần Gia Vy', '2006-05-24', 'Kinh', 'Phật giáo', 'Nam', 'Quảng Nam', 'Ba Đình, Hà Nội', '100000000210', '0900000209', '000210@vidu.vn', 'KV2-NT', 2, 'Cần Thơ'),
('000211', 'Đoàn Quốc Phương', '2007-04-07', 'Kinh', 'Không', 'Nam', 'Hà Tĩnh', 'Long Xuyên, An Giang', '100000000211', '0900000210', '000211@vidu.vn', 'KV2', 1, 'Quảng Nam'),
('000212', 'Đỗ Nhật Sơn', '2007-01-29', 'Kinh', 'Công giáo', 'Nữ', 'Quảng Nam', 'Thành phố Thanh Hóa', '100000000212', '0900000211', '000212@vidu.vn', 'KV2', 0, 'Lâm Đồng'),
('000213', 'Cao Minh Khánh', '2006-08-03', 'Kinh', 'Công giáo', 'Nam', 'Lâm Đồng', 'Long Xuyên, An Giang', '100000000213', '0900000212', '000213@vidu.vn', 'KV2-NT', 0, 'Cần Thơ'),
('000214', 'Phạm Văn Quân', '2006-05-29', 'Kinh', 'Phật giáo', 'Nữ', 'TP. Hồ Chí Minh', 'Long Xuyên, An Giang', '100000000214', '0900000213', '000214@vidu.vn', 'KV1', 0, 'Lâm Đồng'),
('000215', 'Cao Bảo Kiên', '2007-10-25', 'Kinh', 'Tin lành', 'Nữ', 'Đồng Nai', 'Ninh Kiều, Cần Thơ', '100000000215', '0900000214', '000215@vidu.vn', 'KV2-NT', 0, 'Quảng Nam'),
('000216', 'Đặng Minh Thảo', '2007-03-30', 'Kinh', 'Phật giáo', 'Nam', 'An Giang', 'Long Xuyên, An Giang', '100000000216', '0900000215', '000216@vidu.vn', 'KV2-NT', 2, 'Lâm Đồng'),
('000217', 'Đặng Đức Hạnh', '2007-08-22', 'Kinh', 'Không', 'Nam', 'Huế', 'Quận 1, TP. Hồ Chí Minh', '100000000217', '0900000216', '000217@vidu.vn', 'KV2-NT', 1, 'Hải Phòng'),
('000218', 'Đỗ Nhật Linh', '2006-07-08', 'Kinh', 'Không', 'Nữ', 'Đà Nẵng', 'Vinh, Nghệ An', '100000000218', '0900000217', '000218@vidu.vn', 'KV2', 1, 'Bình Dương'),
('000219', 'Nguyễn Quốc Lan', '2006-12-21', 'Kinh', 'Tin lành', 'Nữ', 'Hà Tĩnh', 'Ninh Kiều, Cần Thơ', '100000000219', '0900000218', '000219@vidu.vn', 'KV2', 0, 'Cần Thơ'),
('000220', 'Bùi Minh Oanh', '2007-06-11', 'Kinh', 'Không', 'Nam', 'Đà Nẵng', 'Ba Đình, Hà Nội', '100000000220', '0900000219', '000220@vidu.vn', 'KV2', 2, 'Thanh Hóa'),
('000221', 'Cao Xuân Mai', '2006-03-15', 'Kinh', 'Không', 'Nam', 'Hải Phòng', 'Quận 1, TP. Hồ Chí Minh', '100000000221', '0900000220', '000221@vidu.vn', 'KV3', 0, 'Đà Nẵng'),
('000222', 'Đặng Xuân Quân', '2007-04-07', 'Kinh', 'Không', 'Nữ', 'Đồng Nai', 'Tân Bình, TP. Hồ Chí Minh', '100000000222', '0900000221', '000222@vidu.vn', 'KV2-NT', 0, 'Hà Nội'),
('000223', 'Bùi Diệu Chi', '2006-10-16', 'Kinh', 'Phật giáo', 'Nữ', 'Hà Tĩnh', 'Tân Bình, TP. Hồ Chí Minh', '100000000223', '0900000222', '000223@vidu.vn', 'KV3', 0, 'An Giang'),
('000224', 'Huỳnh Văn Huy', '2007-07-23', 'Kinh', 'Không', 'Nữ', 'Hải Phòng', 'Ba Đình, Hà Nội', '100000000224', '0900000223', '000224@vidu.vn', 'KV1', 0, 'Lâm Đồng'),
('000225', 'Vũ Quốc Hạnh', '2007-11-19', 'Kinh', 'Công giáo', 'Nam', 'TP. Hồ Chí Minh', 'Vinh, Nghệ An', '100000000225', '0900000224', '000225@vidu.vn', 'KV3', 2, 'Đà Nẵng'),
('000226', 'Đinh Hồng Oanh', '2007-09-24', 'Kinh', 'Công giáo', 'Nữ', 'Lâm Đồng', 'Nha Trang, Khánh Hòa', '100000000226', '0900000225', '000226@vidu.vn', 'KV2', 2, 'Quảng Nam'),
('000227', 'Đinh Hồng Tuấn', '2007-01-03', 'Kinh', 'Công giáo', 'Nam', 'Lâm Đồng', 'Gò Vấp, TP. Hồ Chí Minh', '100000000227', '0900000226', '000227@vidu.vn', 'KV1', 0, 'Hải Phòng'),
('000228', 'Vũ Thị Huy', '2006-09-24', 'Kinh', 'Phật giáo', 'Nữ', 'Nam Định', 'Long Xuyên, An Giang', '100000000228', '0900000227', '000228@vidu.vn', 'KV2', 0, 'Lâm Đồng'),
('000229', 'Võ Diệu Lan', '2006-06-19', 'Kinh', 'Tin lành', 'Nam', 'Hải Phòng', 'Gò Vấp, TP. Hồ Chí Minh', '100000000229', '0900000228', '000229@vidu.vn', 'KV2', 0, 'Bình Dương'),
('000230', 'Vũ Nhật Vân', '2007-01-05', 'Kinh', 'Công giáo', 'Nam', 'Đồng Nai', 'Gò Vấp, TP. Hồ Chí Minh', '100000000230', '0900000229', '000230@vidu.vn', 'KV3', 0, 'Cần Thơ'),
('000231', 'Huỳnh Phương Mai', '2006-03-21', 'Kinh', 'Công giáo', 'Nữ', 'Huế', 'Tân Bình, TP. Hồ Chí Minh', '100000000231', '0900000230', '000231@vidu.vn', 'KV2', 2, 'Bình Dương'),
('000232', 'Phan Bảo Chi', '2007-06-11', 'Kinh', 'Công giáo', 'Nam', 'Huế', 'Ninh Kiều, Cần Thơ', '100000000232', '0900000231', '000232@vidu.vn', 'KV2', 0, 'Cần Thơ'),
('000233', 'Lý Văn Linh', '2006-02-14', 'Kinh', 'Phật giáo', 'Nam', 'Hải Phòng', 'Thành phố Thanh Hóa', '100000000233', '0900000232', '000233@vidu.vn', 'KV2', 0, 'TP. Hồ Chí Minh'),
('000234', 'Nguyễn Hoàng Chi', '2006-08-10', 'Kinh', 'Phật giáo', 'Nam', 'Hà Tĩnh', 'Thành phố Thanh Hóa', '100000000234', '0900000233', '000234@vidu.vn', 'KV3', 1, 'Quảng Nam'),
('000235', 'Đoàn Ngọc Linh', '2007-01-23', 'Kinh', 'Tin lành', 'Nam', 'Đồng Nai', 'Hải Châu, Đà Nẵng', '100000000235', '0900000234', '000235@vidu.vn', 'KV1', 0, 'Hải Phòng'),
('000236', 'Hoàng Diệu Huy', '2006-01-02', 'Kinh', 'Tin lành', 'Nam', 'Quảng Nam', 'Vinh, Nghệ An', '100000000236', '0900000235', '000236@vidu.vn', 'KV3', 0, 'An Giang'),
('000237', 'Lê Hoàng Thảo', '2007-07-11', 'Kinh', 'Không', 'Nam', 'Quảng Nam', 'Lê Chân, Hải Phòng', '100000000237', '0900000236', '000237@vidu.vn', 'KV2', 0, 'Hà Nội'),
('000238', 'Lý Phương Minh', '2006-09-25', 'Kinh', 'Tin lành', 'Nữ', 'Quảng Nam', 'Thành phố Thanh Hóa', '100000000238', '0900000237', '000238@vidu.vn', 'KV2-NT', 2, 'Thanh Hóa'),
('000239', 'Dương Đức Trung', '2007-11-07', 'Kinh', 'Không', 'Nam', 'Cần Thơ', 'Nha Trang, Khánh Hòa', '100000000239', '0900000238', '000239@vidu.vn', 'KV2', 1, 'Thanh Hóa'),
('000240', 'Lê Đức Vy', '2007-09-07', 'Kinh', 'Công giáo', 'Nam', 'Quảng Nam', 'Ba Đình, Hà Nội', '100000000240', '0900000239', '000240@vidu.vn', 'KV1', 0, 'Đà Nẵng'),
('000241', 'Phan Kim Tuấn', '2006-01-11', 'Kinh', 'Phật giáo', 'Nam', 'Thanh Hóa', 'Long Xuyên, An Giang', '100000000241', '0900000240', '000241@vidu.vn', 'KV2-NT', 0, 'Nghệ An'),
('000242', 'Đặng Đình Phúc', '2007-11-17', 'Kinh', 'Không', 'Nam', 'Đồng Nai', 'Tân Bình, TP. Hồ Chí Minh', '100000000242', '0900000241', '000242@vidu.vn', 'KV2', 2, 'Đà Nẵng'),
('000243', 'Phan Xuân Yến', '2006-04-20', 'Kinh', 'Công giáo', 'Nam', 'Đà Nẵng', 'Vinh, Nghệ An', '100000000243', '0900000242', '000243@vidu.vn', 'KV2-NT', 0, 'Huế'),
('000244', 'Phạm Thanh Chi', '2007-01-27', 'Kinh', 'Công giáo', 'Nữ', 'An Giang', 'Long Xuyên, An Giang', '100000000244', '0900000243', '000244@vidu.vn', 'KV2', 0, 'Hà Nội'),
('000245', 'Đỗ Hữu Khánh', '2007-08-11', 'Kinh', 'Phật giáo', 'Nam', 'Huế', 'Hải Châu, Đà Nẵng', '100000000245', '0900000244', '000245@vidu.vn', 'KV2', 1, 'An Giang'),
('000246', 'Lê Kim Thảo', '2006-01-07', 'Kinh', 'Tin lành', 'Nữ', 'TP. Hồ Chí Minh', 'Gò Vấp, TP. Hồ Chí Minh', '100000000246', '0900000245', '000246@vidu.vn', 'KV2-NT', 2, 'Huế'),
('000247', 'Đinh Tuấn Bình', '2007-05-30', 'Kinh', 'Tin lành', 'Nam', 'Bình Dương', 'Tân Bình, TP. Hồ Chí Minh', '100000000247', '0900000246', '000247@vidu.vn', 'KV2', 1, 'Khánh Hòa'),
('000248', 'Đặng Bảo Minh', '2007-04-28', 'Kinh', 'Phật giáo', 'Nữ', 'Khánh Hòa', 'Đống Đa, Hà Nội', '100000000248', '0900000247', '000248@vidu.vn', 'KV2', 1, 'Quảng Nam'),
('000249', 'Phạm Thanh Hà', '2006-08-30', 'Kinh', 'Tin lành', 'Nam', 'Quảng Nam', 'Tân Bình, TP. Hồ Chí Minh', '100000000249', '0900000248', '000249@vidu.vn', 'KV2', 0, 'Hà Nội'),
('000250', 'Đoàn Thị Quân', '2006-04-12', 'Kinh', 'Không', 'Nữ', 'Nghệ An', 'Quận 1, TP. Hồ Chí Minh', '100000000250', '0900000249', '000250@vidu.vn', 'KV2', 0, 'Hà Tĩnh'),
('000251', 'Vũ Phương Nhi', '2007-10-28', 'Kinh', 'Tin lành', 'Nữ', 'Nghệ An', 'Lê Chân, Hải Phòng', '100000000251', '0900000250', '000251@vidu.vn', 'KV2-NT', 0, 'Đà Nẵng'),
('000252', 'Lê Ngọc Hạnh', '2006-12-18', 'Kinh', 'Tin lành', 'Nữ', 'An Giang', 'Đống Đa, Hà Nội', '100000000252', '0900000251', '000252@vidu.vn', 'KV2-NT', 0, 'Huế'),
('000253', 'Nguyễn Đức Kiên', '2006-08-29', 'Kinh', 'Tin lành', 'Nam', 'Huế', 'Nha Trang, Khánh Hòa', '100000000253', '0900000252', '000253@vidu.vn', 'KV1', 0, 'Cần Thơ'),
('000254', 'Dương Nhật Phương', '2006-03-27', 'Kinh', 'Công giáo', 'Nữ', 'Cần Thơ', 'Lê Chân, Hải Phòng', '100000000254', '0900000253', '000254@vidu.vn', 'KV2', 0, 'An Giang'),
('000255', 'Đinh Hồng Trung', '2007-07-08', 'Kinh', 'Tin lành', 'Nam', 'Huế', 'Vinh, Nghệ An', '100000000255', '0900000254', '000255@vidu.vn', 'KV3', 0, 'Quảng Nam'),
('000256', 'Nguyễn Văn Yến', '2006-05-20', 'Kinh', 'Tin lành', 'Nam', 'Bình Dương', 'Lê Chân, Hải Phòng', '100000000256', '0900000255', '000256@vidu.vn', 'KV3', 2, 'Nam Định'),
('000257', 'Lý Đình Linh', '2006-06-17', 'Kinh', 'Tin lành', 'Nam', 'Đồng Nai', 'Tân Bình, TP. Hồ Chí Minh', '100000000257', '0900000256', '000257@vidu.vn', 'KV2', 0, 'An Giang'),
('000258', 'Vũ Ngọc Hạnh', '2006-05-20', 'Kinh', 'Công giáo', 'Nữ', 'Lâm Đồng', 'Ba Đình, Hà Nội', '100000000258', '0900000257', '000258@vidu.vn', 'KV3', 2, 'Nam Định'),
('000259', 'Trần Tuấn An', '2006-07-10', 'Kinh', 'Không', 'Nữ', 'Cần Thơ', 'Lê Chân, Hải Phòng', '100000000259', '0900000258', '000259@vidu.vn', 'KV2-NT', 0, 'An Giang'),
('000260', 'Vũ Thu Trang', '2006-11-16', 'Kinh', 'Không', 'Nữ', 'Nam Định', 'Đống Đa, Hà Nội', '100000000260', '0900000259', '000260@vidu.vn', 'KV3', 0, 'Hải Phòng'),
('000261', 'Đặng Đình Đức', '2006-01-13', 'Kinh', 'Phật giáo', 'Nữ', 'Cần Thơ', 'Nha Trang, Khánh Hòa', '100000000261', '0900000260', '000261@vidu.vn', 'KV2', 1, 'TP. Hồ Chí Minh'),
('000262', 'Bùi Thu Hạnh', '2007-10-07', 'Kinh', 'Công giáo', 'Nữ', 'TP. Hồ Chí Minh', 'Nha Trang, Khánh Hòa', '100000000262', '0900000261', '000262@vidu.vn', 'KV1', 0, 'Thanh Hóa'),
('000263', 'Đặng Phương Dũng', '2007-02-10', 'Kinh', 'Phật giáo', 'Nữ', 'An Giang', 'Quận 1, TP. Hồ Chí Minh', '100000000263', '0900000262', '000263@vidu.vn', 'KV1', 2, 'Bình Dương'),
('000264', 'Phạm Đức Vy', '2006-08-27', 'Kinh', 'Không', 'Nam', 'Khánh Hòa', 'Vinh, Nghệ An', '100000000264', '0900000263', '000264@vidu.vn', 'KV2-NT', 1, 'Đồng Nai'),
('000265', 'Phan Tuấn Phúc', '2006-11-28', 'Kinh', 'Tin lành', 'Nam', 'Hà Tĩnh', 'Lê Chân, Hải Phòng', '100000000265', '0900000264', '000265@vidu.vn', 'KV2', 0, 'Lâm Đồng'),
('000266', 'Cao Đình Khánh', '2007-06-21', 'Kinh', 'Công giáo', 'Nữ', 'Nam Định', 'Vinh, Nghệ An', '100000000266', '0900000265', '000266@vidu.vn', 'KV2', 2, 'Quảng Nam'),
('000267', 'Đinh Minh Dũng', '2006-02-02', 'Kinh', 'Không', 'Nữ', 'Đồng Nai', 'Long Xuyên, An Giang', '100000000267', '0900000266', '000267@vidu.vn', 'KV3', 2, 'Bình Dương'),
('000268', 'Lý Hữu Hà', '2007-12-27', 'Kinh', 'Không', 'Nam', 'TP. Hồ Chí Minh', 'Thành phố Thanh Hóa', '100000000268', '0900000267', '000268@vidu.vn', 'KV2-NT', 2, 'Lâm Đồng'),
('000269', 'Dương Minh Khánh', '2007-06-23', 'Kinh', 'Không', 'Nữ', 'An Giang', 'Thành phố Thanh Hóa', '100000000269', '0900000268', '000269@vidu.vn', 'KV2', 2, 'Bình Dương'),
('000270', 'Cao Diệu Tuấn', '2006-12-27', 'Kinh', 'Tin lành', 'Nữ', 'Khánh Hòa', 'Vinh, Nghệ An', '100000000270', '0900000269', '000270@vidu.vn', 'KV2-NT', 0, 'Khánh Hòa'),
('000271', 'Nguyễn Thị Nam', '2007-09-03', 'Kinh', 'Công giáo', 'Nam', 'Hà Nội', 'Vinh, Nghệ An', '100000000271', '0900000270', '000271@vidu.vn', 'KV2', 0, 'An Giang'),
('000272', 'Hoàng Thanh Phúc', '2007-08-20', 'Kinh', 'Tin lành', 'Nam', 'An Giang', 'Ninh Kiều, Cần Thơ', '100000000272', '0900000271', '000272@vidu.vn', 'KV2-NT', 0, 'Thanh Hóa'),
('000273', 'Đoàn Đình Chi', '2006-02-27', 'Kinh', 'Phật giáo', 'Nam', 'Khánh Hòa', 'Đống Đa, Hà Nội', '100000000273', '0900000272', '000273@vidu.vn', 'KV3', 1, 'Hà Nội'),
('000274', 'Hoàng Thị Lan', '2007-02-07', 'Kinh', 'Công giáo', 'Nữ', 'Hà Tĩnh', 'Thành phố Thanh Hóa', '100000000274', '0900000273', '000274@vidu.vn', 'KV1', 0, 'Đồng Nai'),
('000275', 'Lê Đình Yến', '2007-03-21', 'Kinh', 'Tin lành', 'Nam', 'Hải Phòng', 'Hải Châu, Đà Nẵng', '100000000275', '0900000274', '000275@vidu.vn', 'KV3', 2, 'Đồng Nai'),
('000276', 'Đoàn Ngọc Dũng', '2007-11-19', 'Kinh', 'Công giáo', 'Nam', 'Quảng Nam', 'Tân Bình, TP. Hồ Chí Minh', '100000000276', '0900000275', '000276@vidu.vn', 'KV2-NT', 0, 'Bình Dương'),
('000277', 'Huỳnh Đức Phương', '2006-03-29', 'Kinh', 'Công giáo', 'Nam', 'Cần Thơ', 'Nha Trang, Khánh Hòa', '100000000277', '0900000276', '000277@vidu.vn', 'KV1', 0, 'Hà Nội'),
('000278', 'Hoàng Văn Quân', '2007-08-20', 'Kinh', 'Phật giáo', 'Nữ', 'TP. Hồ Chí Minh', 'Lê Chân, Hải Phòng', '100000000278', '0900000277', '000278@vidu.vn', 'KV2', 0, 'Huế'),
('000279', 'Huỳnh Quốc An', '2006-10-27', 'Kinh', 'Công giáo', 'Nam', 'Đồng Nai', 'Ninh Kiều, Cần Thơ', '100000000279', '0900000278', '000279@vidu.vn', 'KV3', 2, 'Nam Định'),
('000280', 'Dương Gia An', '2006-12-22', 'Kinh', 'Không', 'Nữ', 'Bình Dương', 'Đống Đa, Hà Nội', '100000000280', '0900000279', '000280@vidu.vn', 'KV2-NT', 0, 'Huế'),
('000281', 'Hoàng Ngọc Kiên', '2007-01-27', 'Kinh', 'Tin lành', 'Nam', 'An Giang', 'Tân Bình, TP. Hồ Chí Minh', '100000000281', '0900000280', '000281@vidu.vn', 'KV2', 2, 'Lâm Đồng'),
('000282', 'Cao Minh Trung', '2006-05-22', 'Kinh', 'Phật giáo', 'Nam', 'Lâm Đồng', 'Nha Trang, Khánh Hòa', '100000000282', '0900000281', '000282@vidu.vn', 'KV2', 1, 'Khánh Hòa'),
('000283', 'Đỗ Xuân Trang', '2006-11-07', 'Kinh', 'Không', 'Nam', 'Hà Tĩnh', 'Nha Trang, Khánh Hòa', '100000000283', '0900000282', '000283@vidu.vn', 'KV2-NT', 0, 'Hải Phòng'),
('000284', 'Võ Diệu Linh', '2006-08-25', 'Kinh', 'Tin lành', 'Nam', 'Hà Nội', 'Đống Đa, Hà Nội', '100000000284', '0900000283', '000284@vidu.vn', 'KV1', 1, 'Bình Dương'),
('000285', 'Trần Xuân Phương', '2006-01-16', 'Kinh', 'Không', 'Nam', 'Huế', 'Tân Bình, TP. Hồ Chí Minh', '100000000285', '0900000284', '000285@vidu.vn', 'KV2', 0, 'Nghệ An'),
('000286', 'Trần Diệu Kiên', '2007-01-25', 'Kinh', 'Tin lành', 'Nam', 'Khánh Hòa', 'Tân Bình, TP. Hồ Chí Minh', '100000000286', '0900000285', '000286@vidu.vn', 'KV1', 2, 'Hà Tĩnh'),
('000287', 'Bùi Hồng Quân', '2006-11-08', 'Kinh', 'Không', 'Nữ', 'Lâm Đồng', 'Gò Vấp, TP. Hồ Chí Minh', '100000000287', '0900000286', '000287@vidu.vn', 'KV2', 1, 'Hải Phòng'),
('000288', 'Lý Thu Tuấn', '2006-01-26', 'Kinh', 'Công giáo', 'Nam', 'Nghệ An', 'Gò Vấp, TP. Hồ Chí Minh', '100000000288', '0900000287', '000288@vidu.vn', 'KV2', 1, 'Khánh Hòa'),
('000289', 'Phạm Hồng Mai', '2007-01-07', 'Kinh', 'Tin lành', 'Nam', 'Đà Nẵng', 'Vinh, Nghệ An', '100000000289', '0900000288', '000289@vidu.vn', 'KV3', 2, 'Đồng Nai'),
('000290', 'Hoàng Gia Phương', '2007-12-31', 'Kinh', 'Công giáo', 'Nữ', 'TP. Hồ Chí Minh', 'Tân Bình, TP. Hồ Chí Minh', '100000000290', '0900000289', '000290@vidu.vn', 'KV2-NT', 0, 'Nghệ An'),
('000291', 'Vũ Văn Thảo', '2006-09-17', 'Kinh', 'Tin lành', 'Nam', 'Hà Nội', 'Gò Vấp, TP. Hồ Chí Minh', '100000000291', '0900000290', '000291@vidu.vn', 'KV3', 1, 'An Giang'),
('000292', 'Cao Minh Bình', '2006-07-09', 'Kinh', 'Không', 'Nam', 'Hải Phòng', 'Quận 1, TP. Hồ Chí Minh', '100000000292', '0900000291', '000292@vidu.vn', 'KV2-NT', 0, 'Lâm Đồng'),
('000293', 'Phan Hồng Kiên', '2007-08-16', 'Kinh', 'Công giáo', 'Nữ', 'Bình Dương', 'Quận 1, TP. Hồ Chí Minh', '100000000293', '0900000292', '000293@vidu.vn', 'KV1', 0, 'Đồng Nai'),
('000294', 'Mai Minh Hùng', '2006-08-03', 'Kinh', 'Tin lành', 'Nữ', 'TP. Hồ Chí Minh', 'Ba Đình, Hà Nội', '100000000294', '0900000293', '000294@vidu.vn', 'KV1', 1, 'Khánh Hòa'),
('000295', 'Võ Hoàng Khánh', '2006-01-02', 'Kinh', 'Tin lành', 'Nam', 'Cần Thơ', 'Quận 1, TP. Hồ Chí Minh', '100000000295', '0900000294', '000295@vidu.vn', 'KV3', 0, 'Quảng Nam'),
('000296', 'Lê Hoàng Nam', '2007-06-03', 'Kinh', 'Tin lành', 'Nữ', 'Khánh Hòa', 'Quận 1, TP. Hồ Chí Minh', '100000000296', '0900000295', '000296@vidu.vn', 'KV1', 0, 'Hà Nội'),
('000297', 'Hoàng Hồng Sơn', '2007-07-04', 'Kinh', 'Công giáo', 'Nữ', 'Khánh Hòa', 'Gò Vấp, TP. Hồ Chí Minh', '100000000297', '0900000296', '000297@vidu.vn', 'KV3', 0, 'Hà Nội'),
('000298', 'Phan Phương Thảo', '2007-02-03', 'Kinh', 'Không', 'Nữ', 'Nghệ An', 'Thành phố Thanh Hóa', '100000000298', '0900000297', '000298@vidu.vn', 'KV1', 0, 'Huế'),
('000299', 'Huỳnh Thị Phương', '2006-07-26', 'Kinh', 'Phật giáo', 'Nam', 'Đà Nẵng', 'Gò Vấp, TP. Hồ Chí Minh', '100000000299', '0900000298', '000299@vidu.vn', 'KV1', 1, 'Khánh Hòa'),
('000300', 'Dương Nhật Dũng', '2006-01-05', 'Kinh', 'Không', 'Nữ', 'Lâm Đồng', 'Quận 1, TP. Hồ Chí Minh', '100000000300', '0900000299', '000300@vidu.vn', 'KV1', 0, 'Cần Thơ'),
('000301', 'Tôn Quốc Minh', '2006-06-02', 'Kinh', 'Phật giáo', 'Nam', 'Nghệ An', 'Lê Chân, Hải Phòng', '100000000301', '0900000300', '000301@vidu.vn', 'KV1', 0, 'Bình Dương'),
('000302', 'Cao Hồng Bình', '2006-05-14', 'Kinh', 'Không', 'Nữ', 'Hà Nội', 'Gò Vấp, TP. Hồ Chí Minh', '100000000302', '0900000301', '000302@vidu.vn', 'KV1', 0, 'Đà Nẵng'),
('000303', 'Cao Ngọc Vân', '2007-04-22', 'Kinh', 'Công giáo', 'Nữ', 'Hải Phòng', 'Ba Đình, Hà Nội', '100000000303', '0900000302', '000303@vidu.vn', 'KV3', 0, 'Hà Tĩnh'),
('000304', 'Đỗ Thu Tuấn', '2007-05-15', 'Kinh', 'Tin lành', 'Nữ', 'Hà Nội', 'Ba Đình, Hà Nội', '100000000304', '0900000303', '000304@vidu.vn', 'KV3', 0, 'Hà Tĩnh'),
('000305', 'Lê Hoàng Huy', '2007-04-18', 'Kinh', 'Phật giáo', 'Nam', 'Đồng Nai', 'Thành phố Thanh Hóa', '100000000305', '0900000304', '000305@vidu.vn', 'KV3', 0, 'Nam Định'),
('000306', 'Phan Ngọc Kiên', '2007-12-30', 'Kinh', 'Tin lành', 'Nam', 'Nam Định', 'Ba Đình, Hà Nội', '100000000306', '0900000305', '000306@vidu.vn', 'KV3', 0, 'Nghệ An'),
('000307', 'Hoàng Phương Sơn', '2007-10-14', 'Kinh', 'Tin lành', 'Nữ', 'Hà Nội', 'Hải Châu, Đà Nẵng', '100000000307', '0900000306', '000307@vidu.vn', 'KV2', 1, 'Hà Tĩnh'),
('000308', 'Bùi Xuân Hùng', '2006-12-19', 'Kinh', 'Phật giáo', 'Nữ', 'Đà Nẵng', 'Thành phố Thanh Hóa', '100000000308', '0900000307', '000308@vidu.vn', 'KV1', 2, 'Lâm Đồng'),
('000309', 'Võ Xuân Hùng', '2007-08-28', 'Kinh', 'Tin lành', 'Nữ', 'Đồng Nai', 'Long Xuyên, An Giang', '100000000309', '0900000308', '000309@vidu.vn', 'KV2-NT', 1, 'Quảng Nam'),
('000310', 'Nguyễn Ngọc Mai', '2006-01-17', 'Kinh', 'Không', 'Nam', 'Hải Phòng', 'Nha Trang, Khánh Hòa', '100000000310', '0900000309', '000310@vidu.vn', 'KV3', 1, 'Hải Phòng'),
('000311', 'Cao Hồng Quân', '2006-12-30', 'Kinh', 'Tin lành', 'Nam', 'An Giang', 'Hải Châu, Đà Nẵng', '100000000311', '0900000310', '000311@vidu.vn', 'KV3', 2, 'An Giang'),
('000312', 'Trần Phương Vy', '2007-12-23', 'Kinh', 'Công giáo', 'Nam', 'Bình Dương', 'Ba Đình, Hà Nội', '100000000312', '0900000311', '000312@vidu.vn', 'KV3', 0, 'Hà Tĩnh'),
('000313', 'Nguyễn Kim Tuấn', '2007-06-09', 'Kinh', 'Công giáo', 'Nữ', 'Nam Định', 'Thành phố Thanh Hóa', '100000000313', '0900000312', '000313@vidu.vn', 'KV2-NT', 1, 'Lâm Đồng'),
('000314', 'Đặng Thị Mai', '2007-04-30', 'Kinh', 'Công giáo', 'Nam', 'Nghệ An', 'Thành phố Thanh Hóa', '100000000314', '0900000313', '000314@vidu.vn', 'KV1', 0, 'Nam Định'),
('000315', 'Đặng Văn Kiên', '2006-04-25', 'Kinh', 'Phật giáo', 'Nữ', 'Nghệ An', 'Thành phố Thanh Hóa', '100000000315', '0900000314', '000315@vidu.vn', 'KV2', 1, 'Huế'),
('000316', 'Lê Đức Thảo', '2006-06-07', 'Kinh', 'Phật giáo', 'Nữ', 'Nam Định', 'Tân Bình, TP. Hồ Chí Minh', '100000000316', '0900000315', '000316@vidu.vn', 'KV3', 0, 'Thanh Hóa'),
('000317', 'Đinh Tuấn Linh', '2007-01-24', 'Kinh', 'Không', 'Nữ', 'Đồng Nai', 'Gò Vấp, TP. Hồ Chí Minh', '100000000317', '0900000316', '000317@vidu.vn', 'KV2-NT', 0, 'Lâm Đồng'),
('000318', 'Lý Diệu Vân', '2007-10-30', 'Kinh', 'Công giáo', 'Nam', 'Huế', 'Đống Đa, Hà Nội', '100000000318', '0900000317', '000318@vidu.vn', 'KV2-NT', 0, 'Đồng Nai'),
('000319', 'Nguyễn Ngọc An', '2007-02-26', 'Kinh', 'Phật giáo', 'Nữ', 'Cần Thơ', 'Vinh, Nghệ An', '100000000319', '0900000318', '000319@vidu.vn', 'KV1', 1, 'Lâm Đồng'),
('000320', 'Hoàng Đình Lan', '2007-10-26', 'Kinh', 'Tin lành', 'Nữ', 'Nghệ An', 'Ba Đình, Hà Nội', '100000000320', '0900000319', '000320@vidu.vn', 'KV2', 0, 'Đà Nẵng'),
('000321', 'Trần Đình Quân', '2006-12-07', 'Kinh', 'Không', 'Nữ', 'TP. Hồ Chí Minh', 'Lê Chân, Hải Phòng', '100000000321', '0900000320', '000321@vidu.vn', 'KV2-NT', 0, 'Nam Định'),
('000322', 'Cao Xuân Khánh', '2007-09-21', 'Kinh', 'Không', 'Nam', 'Cần Thơ', 'Gò Vấp, TP. Hồ Chí Minh', '100000000322', '0900000321', '000322@vidu.vn', 'KV2-NT', 0, 'Đà Nẵng'),
('000323', 'Hoàng Thu Sơn', '2007-02-05', 'Kinh', 'Tin lành', 'Nữ', 'Hà Nội', 'Vinh, Nghệ An', '100000000323', '0900000322', '000323@vidu.vn', 'KV3', 1, 'Đà Nẵng'),
('000324', 'Dương Thị Mai', '2007-10-25', 'Kinh', 'Công giáo', 'Nữ', 'Đà Nẵng', 'Đống Đa, Hà Nội', '100000000324', '0900000323', '000324@vidu.vn', 'KV2-NT', 0, 'Thanh Hóa'),
('000325', 'Dương Minh Nam', '2007-12-14', 'Kinh', 'Tin lành', 'Nam', 'Đồng Nai', 'Ba Đình, Hà Nội', '100000000325', '0900000324', '000325@vidu.vn', 'KV2-NT', 1, 'Thanh Hóa'),
('000326', 'Bùi Kim Huy', '2007-04-06', 'Kinh', 'Không', 'Nữ', 'Hà Nội', 'Quận 1, TP. Hồ Chí Minh', '100000000326', '0900000325', '000326@vidu.vn', 'KV2-NT', 0, 'Đồng Nai'),
('000327', 'Hoàng Kim Mai', '2006-01-20', 'Kinh', 'Không', 'Nam', 'Nam Định', 'Thành phố Thanh Hóa', '100000000327', '0900000326', '000327@vidu.vn', 'KV1', 0, 'Nghệ An'),
('000328', 'Võ Ngọc Hà', '2006-07-27', 'Kinh', 'Phật giáo', 'Nam', 'Quảng Nam', 'Đống Đa, Hà Nội', '100000000328', '0900000327', '000328@vidu.vn', 'KV3', 0, 'Khánh Hòa'),
('000329', 'Huỳnh Tuấn Hạnh', '2007-03-26', 'Kinh', 'Tin lành', 'Nam', 'An Giang', 'Thành phố Thanh Hóa', '100000000329', '0900000328', '000329@vidu.vn', 'KV1', 0, 'Nghệ An'),
('000330', 'Đoàn Hoàng Trang', '2007-12-12', 'Kinh', 'Công giáo', 'Nam', 'Nam Định', 'Nha Trang, Khánh Hòa', '100000000330', '0900000329', '000330@vidu.vn', 'KV2', 0, 'Hà Tĩnh'),
('000331', 'Bùi Hữu Trang', '2006-01-05', 'Kinh', 'Công giáo', 'Nam', 'An Giang', 'Ninh Kiều, Cần Thơ', '100000000331', '0900000330', '000331@vidu.vn', 'KV1', 2, 'An Giang'),
('000332', 'Hoàng Kim Vy', '2006-06-30', 'Kinh', 'Công giáo', 'Nữ', 'Nghệ An', 'Long Xuyên, An Giang', '100000000332', '0900000331', '000332@vidu.vn', 'KV1', 0, 'Thanh Hóa'),
('000333', 'Trần Tuấn Hạnh', '2006-06-11', 'Kinh', 'Tin lành', 'Nam', 'Hà Nội', 'Gò Vấp, TP. Hồ Chí Minh', '100000000333', '0900000332', '000333@vidu.vn', 'KV1', 0, 'Khánh Hòa'),
('000334', 'Võ Quốc Linh', '2007-02-27', 'Kinh', 'Tin lành', 'Nữ', 'Thanh Hóa', 'Tân Bình, TP. Hồ Chí Minh', '100000000334', '0900000333', '000334@vidu.vn', 'KV2', 0, 'TP. Hồ Chí Minh'),
('000335', 'Vũ Thu Giang', '2006-02-02', 'Kinh', 'Tin lành', 'Nữ', 'TP. Hồ Chí Minh', 'Lê Chân, Hải Phòng', '100000000335', '0900000334', '000335@vidu.vn', 'KV2', 0, 'Quảng Nam'),
('000336', 'Phan Phương Huy', '2006-08-24', 'Kinh', 'Tin lành', 'Nữ', 'Đà Nẵng', 'Tân Bình, TP. Hồ Chí Minh', '100000000336', '0900000335', '000336@vidu.vn', 'KV3', 0, 'Huế'),
('000337', 'Hoàng Phương Sơn', '2006-01-06', 'Kinh', 'Tin lành', 'Nam', 'Quảng Nam', 'Quận 1, TP. Hồ Chí Minh', '100000000337', '0900000336', '000337@vidu.vn', 'KV1', 1, 'Đồng Nai'),
('000338', 'Vũ Đức Phúc', '2006-10-30', 'Kinh', 'Công giáo', 'Nữ', 'An Giang', 'Long Xuyên, An Giang', '100000000338', '0900000337', '000338@vidu.vn', 'KV1', 0, 'Nghệ An'),
('000339', 'Nguyễn Ngọc Quân', '2007-12-09', 'Kinh', 'Công giáo', 'Nữ', 'Khánh Hòa', 'Vinh, Nghệ An', '100000000339', '0900000338', '000339@vidu.vn', 'KV1', 0, 'Thanh Hóa'),
('000340', 'Huỳnh Thị Dũng', '2007-01-28', 'Kinh', 'Phật giáo', 'Nữ', 'Bình Dương', 'Gò Vấp, TP. Hồ Chí Minh', '100000000340', '0900000339', '000340@vidu.vn', 'KV1', 0, 'Đà Nẵng'),
('000341', 'Vũ Bảo Oanh', '2006-12-28', 'Kinh', 'Không', 'Nam', 'Huế', 'Vinh, Nghệ An', '100000000341', '0900000340', '000341@vidu.vn', 'KV3', 0, 'Bình Dương'),
('000342', 'Lê Minh Sơn', '2007-04-14', 'Kinh', 'Không', 'Nữ', 'Đà Nẵng', 'Ba Đình, Hà Nội', '100000000342', '0900000341', '000342@vidu.vn', 'KV3', 0, 'Cần Thơ'),
('000343', 'Hoàng Kim Giang', '2006-07-29', 'Kinh', 'Tin lành', 'Nam', 'Hà Nội', 'Lê Chân, Hải Phòng', '100000000343', '0900000342', '000343@vidu.vn', 'KV3', 2, 'Bình Dương'),
('000344', 'Võ Nhật Mai', '2006-12-10', 'Kinh', 'Tin lành', 'Nữ', 'Quảng Nam', 'Thành phố Thanh Hóa', '100000000344', '0900000343', '000344@vidu.vn', 'KV2-NT', 0, 'Hà Tĩnh'),
('000345', 'Hoàng Hữu Nam', '2007-04-12', 'Kinh', 'Phật giáo', 'Nữ', 'Nghệ An', 'Thành phố Thanh Hóa', '100000000345', '0900000344', '000345@vidu.vn', 'KV2', 2, 'Nghệ An'),
('000346', 'Đặng Hữu Hạnh', '2006-07-30', 'Kinh', 'Công giáo', 'Nam', 'TP. Hồ Chí Minh', 'Long Xuyên, An Giang', '100000000346', '0900000345', '000346@vidu.vn', 'KV2-NT', 0, 'Hà Tĩnh'),
('000347', 'Đỗ Đức An', '2007-07-14', 'Kinh', 'Phật giáo', 'Nữ', 'Khánh Hòa', 'Long Xuyên, An Giang', '100000000347', '0900000346', '000347@vidu.vn', 'KV2-NT', 1, 'Hà Tĩnh'),
('000348', 'Võ Hồng Phúc', '2006-04-05', 'Kinh', 'Công giáo', 'Nam', 'Khánh Hòa', 'Quận 1, TP. Hồ Chí Minh', '100000000348', '0900000347', '000348@vidu.vn', 'KV2', 2, 'Thanh Hóa'),
('000349', 'Vũ Kim Oanh', '2007-09-10', 'Kinh', 'Tin lành', 'Nam', 'TP. Hồ Chí Minh', 'Long Xuyên, An Giang', '100000000349', '0900000348', '000349@vidu.vn', 'KV2-NT', 1, 'Bình Dương'),
('000350', 'Lý Hồng Nam', '2006-06-17', 'Kinh', 'Phật giáo', 'Nam', 'Quảng Nam', 'Nha Trang, Khánh Hòa', '100000000350', '0900000349', '000350@vidu.vn', 'KV3', 0, 'Thanh Hóa'),
('000351', 'Lý Thanh Trang', '2006-06-29', 'Kinh', 'Tin lành', 'Nam', 'Hà Tĩnh', 'Nha Trang, Khánh Hòa', '100000000351', '0900000350', '000351@vidu.vn', 'KV2', 0, 'Lâm Đồng'),
('000352', 'Nguyễn Đức Minh', '2006-11-04', 'Kinh', 'Tin lành', 'Nam', 'Nam Định', 'Ba Đình, Hà Nội', '100000000352', '0900000351', '000352@vidu.vn', 'KV2-NT', 1, 'An Giang'),
('000353', 'Đoàn Kim Nhi', '2007-03-23', 'Kinh', 'Không', 'Nữ', 'Huế', 'Long Xuyên, An Giang', '100000000353', '0900000352', '000353@vidu.vn', 'KV3', 0, 'Huế'),
('000354', 'Đỗ Hồng Sơn', '2007-12-11', 'Kinh', 'Công giáo', 'Nữ', 'Hải Phòng', 'Đống Đa, Hà Nội', '100000000354', '0900000353', '000354@vidu.vn', 'KV2', 0, 'Quảng Nam'),
('000355', 'Phạm Diệu Phương', '2006-06-21', 'Kinh', 'Không', 'Nữ', 'Khánh Hòa', 'Đống Đa, Hà Nội', '100000000355', '0900000354', '000355@vidu.vn', 'KV2-NT', 0, 'Bình Dương'),
('000356', 'Hoàng Nhật Linh', '2006-07-12', 'Kinh', 'Phật giáo', 'Nam', 'Cần Thơ', 'Tân Bình, TP. Hồ Chí Minh', '100000000356', '0900000355', '000356@vidu.vn', 'KV3', 0, 'Hà Nội'),
('000357', 'Bùi Văn Kiên', '2006-05-02', 'Kinh', 'Phật giáo', 'Nữ', 'An Giang', 'Hải Châu, Đà Nẵng', '100000000357', '0900000356', '000357@vidu.vn', 'KV2', 0, 'Thanh Hóa'),
('000358', 'Phạm Ngọc An', '2007-05-11', 'Kinh', 'Không', 'Nam', 'Quảng Nam', 'Quận 1, TP. Hồ Chí Minh', '100000000358', '0900000357', '000358@vidu.vn', 'KV2', 0, 'Nam Định'),
('000359', 'Phạm Diệu Khánh', '2007-08-25', 'Kinh', 'Phật giáo', 'Nam', 'Thanh Hóa', 'Hải Châu, Đà Nẵng', '100000000359', '0900000358', '000359@vidu.vn', 'KV2-NT', 0, 'Huế'),
('000360', 'Đoàn Văn Yến', '2006-08-11', 'Kinh', 'Không', 'Nam', 'Thanh Hóa', 'Lê Chân, Hải Phòng', '100000000360', '0900000359', '000360@vidu.vn', 'KV2', 2, 'Thanh Hóa'),
('000361', 'Võ Xuân Dũng', '2006-11-18', 'Kinh', 'Tin lành', 'Nam', 'Cần Thơ', 'Gò Vấp, TP. Hồ Chí Minh', '100000000361', '0900000360', '000361@vidu.vn', 'KV1', 2, 'Bình Dương'),
('000362', 'Bùi Hồng Thảo', '2006-11-16', 'Kinh', 'Phật giáo', 'Nữ', 'Hà Tĩnh', 'Ninh Kiều, Cần Thơ', '100000000362', '0900000361', '000362@vidu.vn', 'KV3', 0, 'Đà Nẵng'),
('000363', 'Đinh Quốc Quân', '2007-03-25', 'Kinh', 'Không', 'Nữ', 'Đà Nẵng', 'Ba Đình, Hà Nội', '100000000363', '0900000362', '000363@vidu.vn', 'KV2', 1, 'Nghệ An'),
('000364', 'Phạm Bảo Đức', '2007-03-11', 'Kinh', 'Tin lành', 'Nữ', 'Nam Định', 'Lê Chân, Hải Phòng', '100000000364', '0900000363', '000364@vidu.vn', 'KV2-NT', 1, 'Đồng Nai'),
('000365', 'Đinh Kim Linh', '2007-10-06', 'Kinh', 'Tin lành', 'Nam', 'Hải Phòng', 'Quận 1, TP. Hồ Chí Minh', '100000000365', '0900000364', '000365@vidu.vn', 'KV1', 0, 'Hà Nội'),
('000366', 'Đinh Hồng Khánh', '2006-10-28', 'Kinh', 'Không', 'Nữ', 'Nam Định', 'Gò Vấp, TP. Hồ Chí Minh', '100000000366', '0900000365', '000366@vidu.vn', 'KV2-NT', 2, 'TP. Hồ Chí Minh'),
('000367', 'Cao Hoàng Sơn', '2007-12-25', 'Kinh', 'Tin lành', 'Nữ', 'Nghệ An', 'Gò Vấp, TP. Hồ Chí Minh', '100000000367', '0900000366', '000367@vidu.vn', 'KV3', 0, 'Nam Định'),
('000368', 'Trần Đình Minh', '2007-05-22', 'Kinh', 'Không', 'Nữ', 'Đồng Nai', 'Thành phố Thanh Hóa', '100000000368', '0900000367', '000368@vidu.vn', 'KV2-NT', 0, 'Hà Nội'),
('000369', 'Lý Hữu Bình', '2007-11-09', 'Kinh', 'Không', 'Nam', 'An Giang', 'Ninh Kiều, Cần Thơ', '100000000369', '0900000368', '000369@vidu.vn', 'KV2', 0, 'Lâm Đồng'),
('000370', 'Lý Phương Yến', '2007-03-08', 'Kinh', 'Công giáo', 'Nam', 'Huế', 'Quận 1, TP. Hồ Chí Minh', '100000000370', '0900000369', '000370@vidu.vn', 'KV3', 2, 'Đồng Nai'),
('000371', 'Đỗ Gia Thảo', '2006-11-03', 'Kinh', 'Phật giáo', 'Nam', 'Bình Dương', 'Tân Bình, TP. Hồ Chí Minh', '100000000371', '0900000370', '000371@vidu.vn', 'KV2', 1, 'Lâm Đồng'),
('000372', 'Mai Kim Trang', '2006-08-03', 'Kinh', 'Tin lành', 'Nữ', 'Bình Dương', 'Ba Đình, Hà Nội', '100000000372', '0900000371', '000372@vidu.vn', 'KV2-NT', 2, 'Khánh Hòa'),
('000373', 'Phan Phương Vy', '2006-08-07', 'Kinh', 'Phật giáo', 'Nam', 'Hà Tĩnh', 'Lê Chân, Hải Phòng', '100000000373', '0900000372', '000373@vidu.vn', 'KV3', 2, 'Bình Dương'),
('000374', 'Lý Thanh Đức', '2006-10-21', 'Kinh', 'Không', 'Nam', 'Nghệ An', 'Lê Chân, Hải Phòng', '100000000374', '0900000373', '000374@vidu.vn', 'KV2', 1, 'Hải Phòng'),
('000375', 'Trần Minh Hạnh', '2006-10-07', 'Kinh', 'Không', 'Nam', 'Hải Phòng', 'Quận 1, TP. Hồ Chí Minh', '100000000375', '0900000374', '000375@vidu.vn', 'KV2-NT', 0, 'Nam Định'),
('000376', 'Lê Đình Đức', '2006-05-24', 'Kinh', 'Tin lành', 'Nữ', 'An Giang', 'Ba Đình, Hà Nội', '100000000376', '0900000375', '000376@vidu.vn', 'KV1', 2, 'Đà Nẵng'),
('000377', 'Hoàng Quốc Hạnh', '2006-08-08', 'Kinh', 'Tin lành', 'Nam', 'Huế', 'Gò Vấp, TP. Hồ Chí Minh', '100000000377', '0900000376', '000377@vidu.vn', 'KV3', 0, 'Bình Dương'),
('000378', 'Huỳnh Hoàng An', '2007-10-23', 'Kinh', 'Tin lành', 'Nữ', 'TP. Hồ Chí Minh', 'Nha Trang, Khánh Hòa', '100000000378', '0900000377', '000378@vidu.vn', 'KV1', 0, 'Lâm Đồng'),
('000379', 'Dương Thanh Nam', '2006-04-03', 'Kinh', 'Công giáo', 'Nữ', 'An Giang', 'Lê Chân, Hải Phòng', '100000000379', '0900000378', '000379@vidu.vn', 'KV2', 0, 'Quảng Nam'),
('000380', 'Phan Thanh Yến', '2006-03-09', 'Kinh', 'Không', 'Nam', 'Bình Dương', 'Tân Bình, TP. Hồ Chí Minh', '100000000380', '0900000379', '000380@vidu.vn', 'KV2-NT', 1, 'Nghệ An'),
('000381', 'Võ Nhật Hùng', '2007-10-27', 'Kinh', 'Tin lành', 'Nữ', 'Hải Phòng', 'Thành phố Thanh Hóa', '100000000381', '0900000380', '000381@vidu.vn', 'KV3', 0, 'Hải Phòng'),
('000382', 'Đoàn Bảo An', '2006-01-24', 'Kinh', 'Phật giáo', 'Nữ', 'An Giang', 'Ba Đình, Hà Nội', '100000000382', '0900000381', '000382@vidu.vn', 'KV3', 0, 'TP. Hồ Chí Minh'),
('000383', 'Tôn Kim Dũng', '2006-08-18', 'Kinh', 'Tin lành', 'Nữ', 'Thanh Hóa', 'Ninh Kiều, Cần Thơ', '100000000383', '0900000382', '000383@vidu.vn', 'KV2-NT', 0, 'Hải Phòng'),
('000384', 'Nguyễn Hoàng Minh', '2006-08-30', 'Kinh', 'Không', 'Nữ', 'Hà Tĩnh', 'Ninh Kiều, Cần Thơ', '100000000384', '0900000383', '000384@vidu.vn', 'KV2-NT', 2, 'Hà Nội'),
('000385', 'Lê Quốc Huy', '2006-03-02', 'Kinh', 'Không', 'Nữ', 'TP. Hồ Chí Minh', 'Đống Đa, Hà Nội', '100000000385', '0900000384', '000385@vidu.vn', 'KV2', 1, 'Hà Nội'),
('000386', 'Đinh Thu Sơn', '2007-04-25', 'Kinh', 'Phật giáo', 'Nữ', 'Hải Phòng', 'Ba Đình, Hà Nội', '100000000386', '0900000385', '000386@vidu.vn', 'KV2-NT', 2, 'Huế'),
('000387', 'Hoàng Kim Trung', '2006-10-15', 'Kinh', 'Công giáo', 'Nữ', 'Bình Dương', 'Tân Bình, TP. Hồ Chí Minh', '100000000387', '0900000386', '000387@vidu.vn', 'KV2-NT', 0, 'Quảng Nam'),
('000388', 'Phan Thị Vy', '2006-09-24', 'Kinh', 'Tin lành', 'Nam', 'Nghệ An', 'Nha Trang, Khánh Hòa', '100000000388', '0900000387', '000388@vidu.vn', 'KV3', 1, 'TP. Hồ Chí Minh'),
('000389', 'Hoàng Quốc Phúc', '2006-04-06', 'Kinh', 'Phật giáo', 'Nữ', 'Thanh Hóa', 'Lê Chân, Hải Phòng', '100000000389', '0900000388', '000389@vidu.vn', 'KV2', 0, 'Hà Nội'),
('000390', 'Huỳnh Phương Vân', '2006-04-19', 'Kinh', 'Tin lành', 'Nữ', 'Khánh Hòa', 'Hải Châu, Đà Nẵng', '100000000390', '0900000389', '000390@vidu.vn', 'KV1', 0, 'Hà Tĩnh'),
('000391', 'Tôn Thu Kiên', '2007-08-06', 'Kinh', 'Không', 'Nữ', 'Hải Phòng', 'Ninh Kiều, Cần Thơ', '100000000391', '0900000390', '000391@vidu.vn', 'KV1', 0, 'Đà Nẵng'),
('000392', 'Dương Đình Nam', '2007-10-25', 'Kinh', 'Công giáo', 'Nữ', 'Hải Phòng', 'Ba Đình, Hà Nội', '100000000392', '0900000391', '000392@vidu.vn', 'KV2-NT', 1, 'Hải Phòng'),
('000393', 'Lê Xuân Hà', '2007-01-13', 'Kinh', 'Công giáo', 'Nam', 'Nghệ An', 'Tân Bình, TP. Hồ Chí Minh', '100000000393', '0900000392', '000393@vidu.vn', 'KV3', 0, 'Hà Tĩnh'),
('000394', 'Lê Kim Nam', '2006-06-02', 'Kinh', 'Công giáo', 'Nữ', 'Hải Phòng', 'Long Xuyên, An Giang', '100000000394', '0900000393', '000394@vidu.vn', 'KV2-NT', 0, 'TP. Hồ Chí Minh'),
('000395', 'Đặng Phương Chi', '2007-05-31', 'Kinh', 'Tin lành', 'Nam', 'Hà Nội', 'Ba Đình, Hà Nội', '100000000395', '0900000394', '000395@vidu.vn', 'KV3', 0, 'TP. Hồ Chí Minh'),
('000396', 'Tôn Diệu Hà', '2006-09-29', 'Kinh', 'Công giáo', 'Nam', 'Khánh Hòa', 'Hải Châu, Đà Nẵng', '100000000396', '0900000395', '000396@vidu.vn', 'KV2', 0, 'Cần Thơ'),
('000397', 'Đinh Hoàng Thảo', '2007-09-24', 'Kinh', 'Phật giáo', 'Nam', 'Bình Dương', 'Nha Trang, Khánh Hòa', '100000000397', '0900000396', '000397@vidu.vn', 'KV3', 0, 'Hải Phòng'),
('000398', 'Nguyễn Minh Trung', '2006-01-28', 'Kinh', 'Phật giáo', 'Nữ', 'Thanh Hóa', 'Gò Vấp, TP. Hồ Chí Minh', '100000000398', '0900000397', '000398@vidu.vn', 'KV2', 0, 'Đà Nẵng'),
('000399', 'Nguyễn Hồng Nhi', '2006-09-06', 'Kinh', 'Không', 'Nữ', 'Thanh Hóa', 'Lê Chân, Hải Phòng', '100000000399', '0900000398', '000399@vidu.vn', 'KV3', 0, 'Cần Thơ'),
('000400', 'Đinh Đình Vy', '2007-06-10', 'Kinh', 'Tin lành', 'Nam', 'Nam Định', 'Ninh Kiều, Cần Thơ', '100000000400', '0900000399', '000400@vidu.vn', 'KV1', 2, 'Khánh Hòa'),
('000401', 'Huỳnh Hồng Hùng', '2007-03-23', 'Kinh', 'Công giáo', 'Nữ', 'Hà Nội', 'Hải Châu, Đà Nẵng', '100000000401', '0900000400', '000401@vidu.vn', 'KV2-NT', 0, 'Hà Tĩnh'),
('000402', 'Huỳnh Kim Hà', '2006-06-15', 'Kinh', 'Phật giáo', 'Nam', 'Thanh Hóa', 'Lê Chân, Hải Phòng', '100000000402', '0900000401', '000402@vidu.vn', 'KV1', 1, 'Thanh Hóa'),
('000403', 'Nguyễn Hữu Sơn', '2006-09-25', 'Kinh', 'Không', 'Nam', 'Bình Dương', 'Long Xuyên, An Giang', '100000000403', '0900000402', '000403@vidu.vn', 'KV2', 0, 'Khánh Hòa'),
('000404', 'Cao Thanh Sơn', '2006-06-04', 'Kinh', 'Không', 'Nữ', 'Cần Thơ', 'Nha Trang, Khánh Hòa', '100000000404', '0900000403', '000404@vidu.vn', 'KV1', 1, 'Cần Thơ'),
('000405', 'Vũ Hữu Hạnh', '2006-10-27', 'Kinh', 'Công giáo', 'Nam', 'Hà Tĩnh', 'Vinh, Nghệ An', '100000000405', '0900000404', '000405@vidu.vn', 'KV3', 0, 'Khánh Hòa'),
('000406', 'Phan Ngọc Minh', '2007-01-17', 'Kinh', 'Phật giáo', 'Nữ', 'Quảng Nam', 'Đống Đa, Hà Nội', '100000000406', '0900000405', '000406@vidu.vn', 'KV2', 0, 'Hải Phòng'),
('000407', 'Mai Ngọc Chi', '2006-12-13', 'Kinh', 'Tin lành', 'Nam', 'Khánh Hòa', 'Tân Bình, TP. Hồ Chí Minh', '100000000407', '0900000406', '000407@vidu.vn', 'KV2', 1, 'TP. Hồ Chí Minh'),
('000408', 'Bùi Thu Vân', '2006-12-19', 'Kinh', 'Phật giáo', 'Nữ', 'Hà Nội', 'Lê Chân, Hải Phòng', '100000000408', '0900000407', '000408@vidu.vn', 'KV2', 1, 'Hà Tĩnh'),
('000409', 'Hoàng Nhật Huy', '2006-10-18', 'Kinh', 'Phật giáo', 'Nữ', 'Thanh Hóa', 'Ba Đình, Hà Nội', '100000000409', '0900000408', '000409@vidu.vn', 'KV2-NT', 2, 'Hà Nội'),
('000410', 'Lý Nhật Dũng', '2006-03-03', 'Kinh', 'Không', 'Nam', 'Bình Dương', 'Lê Chân, Hải Phòng', '100000000410', '0900000409', '000410@vidu.vn', 'KV2-NT', 0, 'Hà Tĩnh'),
('000411', 'Đoàn Đức Hùng', '2007-01-22', 'Kinh', 'Công giáo', 'Nam', 'An Giang', 'Ba Đình, Hà Nội', '100000000411', '0900000410', '000411@vidu.vn', 'KV2-NT', 2, 'Hà Tĩnh'),
('000412', 'Vũ Hồng Chi', '2007-01-14', 'Kinh', 'Tin lành', 'Nữ', 'Đồng Nai', 'Thành phố Thanh Hóa', '100000000412', '0900000411', '000412@vidu.vn', 'KV3', 0, 'Hà Tĩnh'),
('000413', 'Mai Nhật Dũng', '2007-12-13', 'Kinh', 'Công giáo', 'Nam', 'Thanh Hóa', 'Gò Vấp, TP. Hồ Chí Minh', '100000000413', '0900000412', '000413@vidu.vn', 'KV3', 0, 'Cần Thơ'),
('000414', 'Hoàng Quốc Phúc', '2006-11-09', 'Kinh', 'Phật giáo', 'Nam', 'Bình Dương', 'Lê Chân, Hải Phòng', '100000000414', '0900000413', '000414@vidu.vn', 'KV2-NT', 1, 'Hải Phòng'),
('000415', 'Cao Hữu Chi', '2006-02-15', 'Kinh', 'Công giáo', 'Nữ', 'Quảng Nam', 'Gò Vấp, TP. Hồ Chí Minh', '100000000415', '0900000414', '000415@vidu.vn', 'KV2-NT', 2, 'Đồng Nai'),
('000416', 'Đỗ Ngọc Hà', '2007-10-02', 'Kinh', 'Không', 'Nữ', 'Quảng Nam', 'Tân Bình, TP. Hồ Chí Minh', '100000000416', '0900000415', '000416@vidu.vn', 'KV2', 1, 'Hà Tĩnh'),
('000417', 'Cao Phương Phương', '2006-02-24', 'Kinh', 'Không', 'Nam', 'Thanh Hóa', 'Gò Vấp, TP. Hồ Chí Minh', '100000000417', '0900000416', '000417@vidu.vn', 'KV1', 0, 'Huế'),
('000418', 'Nguyễn Thu Trang', '2006-07-04', 'Kinh', 'Không', 'Nữ', 'Quảng Nam', 'Quận 1, TP. Hồ Chí Minh', '100000000418', '0900000417', '000418@vidu.vn', 'KV2-NT', 1, 'Cần Thơ'),
('000419', 'Đỗ Gia An', '2006-03-01', 'Kinh', 'Tin lành', 'Nam', 'Lâm Đồng', 'Tân Bình, TP. Hồ Chí Minh', '100000000419', '0900000418', '000419@vidu.vn', 'KV1', 0, 'Khánh Hòa'),
('000420', 'Mai Đình Dũng', '2006-10-03', 'Kinh', 'Không', 'Nữ', 'TP. Hồ Chí Minh', 'Đống Đa, Hà Nội', '100000000420', '0900000419', '000420@vidu.vn', 'KV3', 2, 'Nam Định'),
('000421', 'Cao Đức Nam', '2007-08-05', 'Kinh', 'Phật giáo', 'Nam', 'Quảng Nam', 'Gò Vấp, TP. Hồ Chí Minh', '100000000421', '0900000420', '000421@vidu.vn', 'KV1', 2, 'Bình Dương'),
('000422', 'Tôn Diệu Nam', '2007-10-31', 'Kinh', 'Công giáo', 'Nữ', 'Nghệ An', 'Quận 1, TP. Hồ Chí Minh', '100000000422', '0900000421', '000422@vidu.vn', 'KV1', 1, 'Đồng Nai'),
('000423', 'Lê Đình Hùng', '2006-05-06', 'Kinh', 'Công giáo', 'Nam', 'Hải Phòng', 'Nha Trang, Khánh Hòa', '100000000423', '0900000422', '000423@vidu.vn', 'KV2-NT', 1, 'Khánh Hòa'),
('000424', 'Đỗ Văn Vân', '2007-12-10', 'Kinh', 'Không', 'Nữ', 'Hải Phòng', 'Long Xuyên, An Giang', '100000000424', '0900000423', '000424@vidu.vn', 'KV1', 2, 'Hà Nội'),
('000425', 'Tôn Quốc Phúc', '2007-01-21', 'Kinh', 'Tin lành', 'Nam', 'Bình Dương', 'Tân Bình, TP. Hồ Chí Minh', '100000000425', '0900000424', '000425@vidu.vn', 'KV2', 0, 'Bình Dương'),
('000426', 'Võ Bảo Vy', '2007-01-07', 'Kinh', 'Không', 'Nam', 'TP. Hồ Chí Minh', 'Lê Chân, Hải Phòng', '100000000426', '0900000425', '000426@vidu.vn', 'KV3', 2, 'Thanh Hóa'),
('000427', 'Đoàn Gia Chi', '2007-08-26', 'Kinh', 'Phật giáo', 'Nữ', 'Hải Phòng', 'Nha Trang, Khánh Hòa', '100000000427', '0900000426', '000427@vidu.vn', 'KV1', 0, 'Huế'),
('000428', 'Trần Thu Trang', '2007-02-21', 'Kinh', 'Không', 'Nữ', 'Huế', 'Ba Đình, Hà Nội', '100000000428', '0900000427', '000428@vidu.vn', 'KV3', 1, 'An Giang'),
('000429', 'Vũ Thu Chi', '2007-08-09', 'Kinh', 'Phật giáo', 'Nam', 'Hà Nội', 'Nha Trang, Khánh Hòa', '100000000429', '0900000428', '000429@vidu.vn', 'KV2', 1, 'Thanh Hóa'),
('000430', 'Lý Văn Nhi', '2007-10-04', 'Kinh', 'Phật giáo', 'Nữ', 'Khánh Hòa', 'Lê Chân, Hải Phòng', '100000000430', '0900000429', '000430@vidu.vn', 'KV2', 0, 'Khánh Hòa'),
('000431', 'Tôn Quốc Mai', '2007-04-03', 'Kinh', 'Công giáo', 'Nữ', 'Cần Thơ', 'Ba Đình, Hà Nội', '100000000431', '0900000430', '000431@vidu.vn', 'KV1', 0, 'Đà Nẵng'),
('000432', 'Trần Hoàng Trung', '2007-01-26', 'Kinh', 'Tin lành', 'Nam', 'Đồng Nai', 'Ba Đình, Hà Nội', '100000000432', '0900000431', '000432@vidu.vn', 'KV3', 0, 'Đồng Nai'),
('000433', 'Phạm Văn Thảo', '2006-03-11', 'Kinh', 'Công giáo', 'Nữ', 'Thanh Hóa', 'Thành phố Thanh Hóa', '100000000433', '0900000432', '000433@vidu.vn', 'KV2', 2, 'Quảng Nam'),
('000434', 'Hoàng Hoàng Nhi', '2007-03-23', 'Kinh', 'Công giáo', 'Nữ', 'Bình Dương', 'Lê Chân, Hải Phòng', '100000000434', '0900000433', '000434@vidu.vn', 'KV2', 0, 'Khánh Hòa'),
('000435', 'Huỳnh Minh Khánh', '2007-10-18', 'Kinh', 'Tin lành', 'Nữ', 'Thanh Hóa', 'Ba Đình, Hà Nội', '100000000435', '0900000434', '000435@vidu.vn', 'KV2-NT', 0, 'Khánh Hòa'),
('000436', 'Nguyễn Bảo Hùng', '2006-08-24', 'Kinh', 'Công giáo', 'Nữ', 'Hà Tĩnh', 'Thành phố Thanh Hóa', '100000000436', '0900000435', '000436@vidu.vn', 'KV2', 0, 'Đồng Nai'),
('000437', 'Nguyễn Tuấn Dũng', '2006-05-26', 'Kinh', 'Không', 'Nữ', 'Lâm Đồng', 'Gò Vấp, TP. Hồ Chí Minh', '100000000437', '0900000436', '000437@vidu.vn', 'KV2', 2, 'Hà Nội'),
('000438', 'Cao Bảo Hạnh', '2006-07-20', 'Kinh', 'Phật giáo', 'Nam', 'Hà Nội', 'Hải Châu, Đà Nẵng', '100000000438', '0900000437', '000438@vidu.vn', 'KV2-NT', 0, 'Đồng Nai'),
('000439', 'Lý Ngọc Dũng', '2006-05-28', 'Kinh', 'Công giáo', 'Nữ', 'Hải Phòng', 'Ninh Kiều, Cần Thơ', '100000000439', '0900000438', '000439@vidu.vn', 'KV2', 2, 'Khánh Hòa'),
('000440', 'Đỗ Bảo Bình', '2007-10-07', 'Kinh', 'Tin lành', 'Nam', 'Huế', 'Hải Châu, Đà Nẵng', '100000000440', '0900000439', '000440@vidu.vn', 'KV3', 0, 'Đà Nẵng'),
('000441', 'Huỳnh Nhật Hùng', '2007-05-10', 'Kinh', 'Không', 'Nữ', 'Nam Định', 'Gò Vấp, TP. Hồ Chí Minh', '100000000441', '0900000440', '000441@vidu.vn', 'KV2-NT', 2, 'Thanh Hóa'),
('000442', 'Hoàng Ngọc Nam', '2007-04-01', 'Kinh', 'Tin lành', 'Nữ', 'Bình Dương', 'Ninh Kiều, Cần Thơ', '100000000442', '0900000441', '000442@vidu.vn', 'KV1', 1, 'Hà Tĩnh'),
('000443', 'Huỳnh Ngọc Nam', '2007-05-29', 'Kinh', 'Không', 'Nam', 'Đà Nẵng', 'Lê Chân, Hải Phòng', '100000000443', '0900000442', '000443@vidu.vn', 'KV2', 0, 'Bình Dương'),
('000444', 'Đặng Minh Hùng', '2007-09-11', 'Kinh', 'Công giáo', 'Nữ', 'Hải Phòng', 'Nha Trang, Khánh Hòa', '100000000444', '0900000443', '000444@vidu.vn', 'KV2-NT', 0, 'Bình Dương'),
('000445', 'Dương Bảo Linh', '2006-08-03', 'Kinh', 'Không', 'Nữ', 'Nam Định', 'Ninh Kiều, Cần Thơ', '100000000445', '0900000444', '000445@vidu.vn', 'KV3', 1, 'Khánh Hòa'),
('000446', 'Nguyễn Kim Hà', '2007-11-06', 'Kinh', 'Tin lành', 'Nữ', 'Bình Dương', 'Đống Đa, Hà Nội', '100000000446', '0900000445', '000446@vidu.vn', 'KV2', 1, 'Lâm Đồng'),
('000447', 'Cao Đình Khánh', '2007-05-02', 'Kinh', 'Phật giáo', 'Nam', 'Cần Thơ', 'Đống Đa, Hà Nội', '100000000447', '0900000446', '000447@vidu.vn', 'KV3', 0, 'Cần Thơ'),
('000448', 'Vũ Ngọc Vân', '2007-01-31', 'Kinh', 'Tin lành', 'Nam', 'Lâm Đồng', 'Ninh Kiều, Cần Thơ', '100000000448', '0900000447', '000448@vidu.vn', 'KV2', 0, 'TP. Hồ Chí Minh'),
('000449', 'Vũ Đức Trung', '2006-07-30', 'Kinh', 'Phật giáo', 'Nữ', 'Lâm Đồng', 'Tân Bình, TP. Hồ Chí Minh', '100000000449', '0900000448', '000449@vidu.vn', 'KV3', 0, 'Hà Tĩnh'),
('000450', 'Đoàn Thị Kiên', '2006-04-04', 'Kinh', 'Tin lành', 'Nữ', 'Lâm Đồng', 'Long Xuyên, An Giang', '100000000450', '0900000449', '000450@vidu.vn', 'KV3', 0, 'Nghệ An'),
('000451', 'Phan Thanh Sơn', '2007-10-06', 'Kinh', 'Tin lành', 'Nữ', 'Lâm Đồng', 'Long Xuyên, An Giang', '100000000451', '0900000450', '000451@vidu.vn', 'KV1', 0, 'Cần Thơ'),
('000452', 'Trần Hồng An', '2006-03-16', 'Kinh', 'Tin lành', 'Nam', 'Hà Tĩnh', 'Tân Bình, TP. Hồ Chí Minh', '100000000452', '0900000451', '000452@vidu.vn', 'KV2-NT', 1, 'TP. Hồ Chí Minh'),
('000453', 'Hoàng Thu Lan', '2007-04-21', 'Kinh', 'Tin lành', 'Nam', 'Nam Định', 'Gò Vấp, TP. Hồ Chí Minh', '100000000453', '0900000452', '000453@vidu.vn', 'KV1', 0, 'Hải Phòng'),
('000454', 'Phan Ngọc Lan', '2006-01-12', 'Kinh', 'Phật giáo', 'Nam', 'Huế', 'Hải Châu, Đà Nẵng', '100000000454', '0900000453', '000454@vidu.vn', 'KV3', 0, 'TP. Hồ Chí Minh'),
('000455', 'Tôn Thị Thảo', '2006-01-05', 'Kinh', 'Phật giáo', 'Nữ', 'TP. Hồ Chí Minh', 'Tân Bình, TP. Hồ Chí Minh', '100000000455', '0900000454', '000455@vidu.vn', 'KV2', 0, 'Thanh Hóa'),
('000456', 'Phạm Gia Kiên', '2006-06-21', 'Kinh', 'Phật giáo', 'Nữ', 'TP. Hồ Chí Minh', 'Tân Bình, TP. Hồ Chí Minh', '100000000456', '0900000455', '000456@vidu.vn', 'KV1', 0, 'Thanh Hóa'),
('000457', 'Đỗ Gia An', '2007-02-16', 'Kinh', 'Phật giáo', 'Nữ', 'Khánh Hòa', 'Quận 1, TP. Hồ Chí Minh', '100000000457', '0900000456', '000457@vidu.vn', 'KV3', 0, 'Đà Nẵng'),
('000458', 'Cao Phương Hạnh', '2006-09-15', 'Kinh', 'Công giáo', 'Nam', 'Cần Thơ', 'Thành phố Thanh Hóa', '100000000458', '0900000457', '000458@vidu.vn', 'KV2-NT', 1, 'Nghệ An'),
('000459', 'Dương Nhật Mai', '2006-08-27', 'Kinh', 'Công giáo', 'Nam', 'Hà Nội', 'Ninh Kiều, Cần Thơ', '100000000459', '0900000458', '000459@vidu.vn', 'KV1', 2, 'An Giang'),
('000460', 'Trần Bảo Vân', '2007-09-05', 'Kinh', 'Công giáo', 'Nữ', 'Hà Tĩnh', 'Nha Trang, Khánh Hòa', '100000000460', '0900000459', '000460@vidu.vn', 'KV2-NT', 0, 'TP. Hồ Chí Minh'),
('000461', 'Đỗ Thu Linh', '2006-07-30', 'Kinh', 'Công giáo', 'Nữ', 'TP. Hồ Chí Minh', 'Long Xuyên, An Giang', '100000000461', '0900000460', '000461@vidu.vn', 'KV2', 0, 'Nghệ An'),
('000462', 'Lê Gia Nhi', '2007-07-17', 'Kinh', 'Công giáo', 'Nữ', 'Thanh Hóa', 'Ninh Kiều, Cần Thơ', '100000000462', '0900000461', '000462@vidu.vn', 'KV1', 1, 'Nghệ An'),
('000463', 'Đinh Ngọc Phúc', '2007-02-12', 'Kinh', 'Tin lành', 'Nữ', 'Đồng Nai', 'Hải Châu, Đà Nẵng', '100000000463', '0900000462', '000463@vidu.vn', 'KV3', 1, 'Hải Phòng'),
('000464', 'Bùi Hồng Nam', '2007-01-20', 'Kinh', 'Phật giáo', 'Nữ', 'Nam Định', 'Ba Đình, Hà Nội', '100000000464', '0900000463', '000464@vidu.vn', 'KV2-NT', 0, 'Hải Phòng'),
('000465', 'Huỳnh Đình Vy', '2006-11-12', 'Kinh', 'Phật giáo', 'Nữ', 'Đà Nẵng', 'Tân Bình, TP. Hồ Chí Minh', '100000000465', '0900000464', '000465@vidu.vn', 'KV1', 0, 'Thanh Hóa'),
('000466', 'Võ Kim Bình', '2007-01-06', 'Kinh', 'Phật giáo', 'Nữ', 'Hà Nội', 'Nha Trang, Khánh Hòa', '100000000466', '0900000465', '000466@vidu.vn', 'KV2', 0, 'Huế'),
('000467', 'Lê Đình Quân', '2007-12-25', 'Kinh', 'Tin lành', 'Nam', 'Đà Nẵng', 'Vinh, Nghệ An', '100000000467', '0900000466', '000467@vidu.vn', 'KV2', 1, 'Huế'),
('000468', 'Hoàng Thanh Kiên', '2006-08-03', 'Kinh', 'Tin lành', 'Nam', 'Đồng Nai', 'Nha Trang, Khánh Hòa', '100000000468', '0900000467', '000468@vidu.vn', 'KV2-NT', 0, 'Hà Nội'),
('000469', 'Lý Gia Hạnh', '2007-01-19', 'Kinh', 'Phật giáo', 'Nữ', 'Nghệ An', 'Nha Trang, Khánh Hòa', '100000000469', '0900000468', '000469@vidu.vn', 'KV2', 0, 'Cần Thơ'),
('000470', 'Phan Ngọc Nam', '2006-03-29', 'Kinh', 'Không', 'Nữ', 'Đồng Nai', 'Ba Đình, Hà Nội', '100000000470', '0900000469', '000470@vidu.vn', 'KV2-NT', 0, 'An Giang'),
('000471', 'Phạm Minh Yến', '2006-01-08', 'Kinh', 'Công giáo', 'Nữ', 'Đồng Nai', 'Thành phố Thanh Hóa', '100000000471', '0900000470', '000471@vidu.vn', 'KV2-NT', 1, 'Quảng Nam'),
('000472', 'Huỳnh Thu Hà', '2006-04-13', 'Kinh', 'Không', 'Nam', 'Hà Nội', 'Gò Vấp, TP. Hồ Chí Minh', '100000000472', '0900000471', '000472@vidu.vn', 'KV3', 0, 'Huế'),
('000473', 'Đỗ Văn Mai', '2007-01-04', 'Kinh', 'Tin lành', 'Nam', 'TP. Hồ Chí Minh', 'Nha Trang, Khánh Hòa', '100000000473', '0900000472', '000473@vidu.vn', 'KV2-NT', 1, 'Đồng Nai'),
('000474', 'Vũ Đức Trung', '2007-06-17', 'Kinh', 'Tin lành', 'Nữ', 'TP. Hồ Chí Minh', 'Hải Châu, Đà Nẵng', '100000000474', '0900000473', '000474@vidu.vn', 'KV3', 0, 'Nghệ An'),
('000475', 'Nguyễn Gia Vân', '2006-12-01', 'Kinh', 'Không', 'Nữ', 'Đồng Nai', 'Lê Chân, Hải Phòng', '100000000475', '0900000474', '000475@vidu.vn', 'KV2', 0, 'Hải Phòng'),
('000476', 'Lê Thu Quân', '2007-01-26', 'Kinh', 'Công giáo', 'Nam', 'Quảng Nam', 'Ninh Kiều, Cần Thơ', '100000000476', '0900000475', '000476@vidu.vn', 'KV2', 0, 'Đà Nẵng'),
('000477', 'Đoàn Hữu Giang', '2006-11-17', 'Kinh', 'Phật giáo', 'Nam', 'Đồng Nai', 'Thành phố Thanh Hóa', '100000000477', '0900000476', '000477@vidu.vn', 'KV1', 0, 'Đồng Nai'),
('000478', 'Dương Văn Huy', '2007-04-17', 'Kinh', 'Tin lành', 'Nữ', 'Khánh Hòa', 'Hải Châu, Đà Nẵng', '100000000478', '0900000477', '000478@vidu.vn', 'KV2-NT', 0, 'Hải Phòng'),
('000479', 'Phạm Thanh Trung', '2007-12-25', 'Kinh', 'Tin lành', 'Nữ', 'Nam Định', 'Long Xuyên, An Giang', '100000000479', '0900000478', '000479@vidu.vn', 'KV2', 1, 'TP. Hồ Chí Minh'),
('000480', 'Phan Văn Huy', '2007-02-06', 'Kinh', 'Tin lành', 'Nữ', 'Khánh Hòa', 'Tân Bình, TP. Hồ Chí Minh', '100000000480', '0900000479', '000480@vidu.vn', 'KV3', 0, 'Đà Nẵng'),
('000481', 'Đoàn Thị Trung', '2007-12-28', 'Kinh', 'Tin lành', 'Nam', 'Lâm Đồng', 'Gò Vấp, TP. Hồ Chí Minh', '100000000481', '0900000480', '000481@vidu.vn', 'KV2', 2, 'Nam Định'),
('000482', 'Hoàng Đình Trang', '2007-11-27', 'Kinh', 'Phật giáo', 'Nữ', 'Nghệ An', 'Quận 1, TP. Hồ Chí Minh', '100000000482', '0900000481', '000482@vidu.vn', 'KV1', 0, 'TP. Hồ Chí Minh'),
('000483', 'Dương Bảo Bình', '2006-05-02', 'Kinh', 'Tin lành', 'Nam', 'An Giang', 'Tân Bình, TP. Hồ Chí Minh', '100000000483', '0900000482', '000483@vidu.vn', 'KV3', 0, 'Đà Nẵng'),
('000484', 'Phạm Kim Mai', '2007-11-16', 'Kinh', 'Phật giáo', 'Nam', 'An Giang', 'Quận 1, TP. Hồ Chí Minh', '100000000484', '0900000483', '000484@vidu.vn', 'KV3', 0, 'Đồng Nai'),
('000485', 'Lê Tuấn Hạnh', '2007-02-20', 'Kinh', 'Phật giáo', 'Nam', 'Hà Nội', 'Tân Bình, TP. Hồ Chí Minh', '100000000485', '0900000484', '000485@vidu.vn', 'KV3', 0, 'Cần Thơ'),
('000486', 'Phạm Thị Giang', '2007-08-12', 'Kinh', 'Không', 'Nữ', 'Thanh Hóa', 'Long Xuyên, An Giang', '100000000486', '0900000485', '000486@vidu.vn', 'KV2', 0, 'Đà Nẵng'),
('000487', 'Cao Hồng Giang', '2007-08-14', 'Kinh', 'Phật giáo', 'Nữ', 'Nam Định', 'Nha Trang, Khánh Hòa', '100000000487', '0900000486', '000487@vidu.vn', 'KV2-NT', 2, 'Cần Thơ'),
('000488', 'Đoàn Hữu Minh', '2006-05-12', 'Kinh', 'Phật giáo', 'Nữ', 'Quảng Nam', 'Ba Đình, Hà Nội', '100000000488', '0900000487', '000488@vidu.vn', 'KV2-NT', 0, 'Đồng Nai'),
('000489', 'Vũ Hữu Nhi', '2007-11-05', 'Kinh', 'Tin lành', 'Nữ', 'Nghệ An', 'Tân Bình, TP. Hồ Chí Minh', '100000000489', '0900000488', '000489@vidu.vn', 'KV2', 0, 'Hà Nội'),
('000490', 'Đỗ Thanh Giang', '2006-08-20', 'Kinh', 'Tin lành', 'Nam', 'Huế', 'Quận 1, TP. Hồ Chí Minh', '100000000490', '0900000489', '000490@vidu.vn', 'KV1', 1, 'Cần Thơ'),
('000491', 'Phạm Thị Hạnh', '2006-11-22', 'Kinh', 'Tin lành', 'Nữ', 'Đồng Nai', 'Hải Châu, Đà Nẵng', '100000000491', '0900000490', '000491@vidu.vn', 'KV2-NT', 2, 'Hải Phòng'),
('000492', 'Huỳnh Bảo Lan', '2007-09-16', 'Kinh', 'Công giáo', 'Nữ', 'Quảng Nam', 'Nha Trang, Khánh Hòa', '100000000492', '0900000491', '000492@vidu.vn', 'KV3', 0, 'Hà Tĩnh'),
('000493', 'Lê Ngọc Chi', '2006-09-03', 'Kinh', 'Tin lành', 'Nữ', 'Đà Nẵng', 'Hải Châu, Đà Nẵng', '100000000493', '0900000492', '000493@vidu.vn', 'KV1', 0, 'Hà Nội'),
('000494', 'Nguyễn Diệu Khánh', '2006-01-08', 'Kinh', 'Tin lành', 'Nam', 'Quảng Nam', 'Nha Trang, Khánh Hòa', '100000000494', '0900000493', '000494@vidu.vn', 'KV2-NT', 0, 'Nghệ An'),
('000495', 'Hoàng Nhật Phúc', '2006-02-22', 'Kinh', 'Không', 'Nữ', 'Quảng Nam', 'Gò Vấp, TP. Hồ Chí Minh', '100000000495', '0900000494', '000495@vidu.vn', 'KV3', 0, 'Khánh Hòa'),
('000496', 'Bùi Kim Nam', '2006-09-29', 'Kinh', 'Không', 'Nữ', 'Thanh Hóa', 'Quận 1, TP. Hồ Chí Minh', '100000000496', '0900000495', '000496@vidu.vn', 'KV3', 0, 'Hà Tĩnh'),
('000497', 'Phan Đình Phúc', '2006-01-10', 'Kinh', 'Phật giáo', 'Nam', 'Cần Thơ', 'Tân Bình, TP. Hồ Chí Minh', '100000000497', '0900000496', '000497@vidu.vn', 'KV3', 0, 'Quảng Nam'),
('000498', 'Huỳnh Hoàng Phúc', '2007-03-15', 'Kinh', 'Tin lành', 'Nữ', 'Nghệ An', 'Vinh, Nghệ An', '100000000498', '0900000497', '000498@vidu.vn', 'KV2-NT', 0, 'Nghệ An'),
('000499', 'Bùi Thị Giang', '2007-02-09', 'Kinh', 'Phật giáo', 'Nam', 'Quảng Nam', 'Nha Trang, Khánh Hòa', '100000000499', '0900000498', '000499@vidu.vn', 'KV2-NT', 0, 'Nam Định'),
('000500', 'Dương Đức Dũng', '2006-04-21', 'Kinh', 'Phật giáo', 'Nam', 'Hà Nội', 'Hải Châu, Đà Nẵng', '100000000500', '0900000499', '000500@vidu.vn', 'KV2', 0, 'TP. Hồ Chí Minh');

INSERT INTO DiemThi(thiSinh_soBaoDanh, khoiThi_id, diemMon1, diemMon2, diemMon3) VALUES
('000002', 1, 8.43, 4.59, 6.20),
('000004', 1, 4.99, 8.23, 4.95),
('000005', 1, 9.30, 6.66, 5.54),
('000006', 1, 8.59, 6.45, 4.37),
('000007', 1, 9.08, 5.53, 6.90),
('000008', 1, 7.29, 4.46, 8.25),
('000009', 1, 6.62, 5.44, 4.37),
('000011', 1, 8.23, 7.91, 9.71),
('000014', 1, 7.36, 7.14, 8.34),
('000015', 1, 9.46, 7.30, 7.36),
('000017', 1, 4.91, 8.84, 8.08),
('000018', 1, 7.68, 5.53, 6.83),
('000019', 1, 7.38, 4.86, 4.74),
('000020', 1, 5.93, 9.40, 8.65),
('000021', 1, 9.01, 9.61, 5.62),
('000022', 1, 9.71, 4.67, 9.22),
('000023', 1, 7.87, 5.89, 8.04),
('000024', 1, 7.52, 5.87, 6.56),
('000026', 1, 5.27, 8.66, 8.04),
('000027', 1, 8.36, 8.87, 5.61),
('000028', 1, 8.10, 4.37, 6.36),
('000029', 1, 8.26, 8.64, 9.21),
('000031', 1, 6.03, 7.77, 8.53),
('000032', 1, 4.63, 4.15, 5.81),
('000033', 1, 5.98, 8.93, 8.77),
('000034', 1, 7.44, 5.87, 5.42),
('000035', 1, 5.50, 5.62, 7.46),
('000036', 1, 6.35, 5.41, 7.85),
('000037', 1, 8.31, 9.52, 8.00),
('000038', 1, 4.73, 9.04, 6.85),
('000040', 1, 7.60, 7.54, 8.29),
('000042', 1, 4.41, 4.96, 5.78),
('000043', 1, 4.15, 5.33, 7.91),
('000044', 1, 6.73, 6.37, 5.86),
('000045', 1, 5.87, 9.63, 6.34),
('000047', 1, 5.41, 7.20, 6.22),
('000048', 1, 6.00, 7.20, 7.15),
('000049', 1, 4.73, 9.60, 5.93),
('000050', 1, 5.54, 7.61, 6.31),
('000051', 1, 8.33, 6.52, 4.57),
('000054', 1, 7.82, 5.59, 7.28),
('000055', 1, 7.75, 5.79, 6.56),
('000056', 1, 4.44, 8.37, 5.31),
('000059', 1, 5.26, 6.58, 5.37),
('000060', 1, 7.21, 7.40, 8.72),
('000062', 1, 4.25, 8.54, 9.03),
('000064', 1, 6.40, 8.80, 6.31),
('000065', 1, 7.26, 5.91, 4.71),
('000066', 1, 8.68, 8.90, 9.65),
('000068', 1, 6.46, 7.52, 6.40),
('000069', 1, 5.23, 4.80, 5.48),
('000070', 1, 9.00, 7.34, 7.33),
('000071', 1, 6.30, 5.80, 5.97),
('000073', 1, 5.76, 5.59, 4.33),
('000074', 1, 6.76, 4.87, 4.36),
('000075', 1, 5.64, 6.37, 5.96),
('000076', 1, 9.44, 5.80, 6.18),
('000077', 1, 8.57, 6.94, 7.13),
('000078', 1, 5.38, 6.58, 5.65),
('000079', 1, 4.80, 5.45, 7.72),
('000080', 1, 9.40, 6.41, 6.30),
('000081', 1, 6.72, 7.57, 9.25),
('000082', 1, 7.71, 7.61, 4.36),
('000084', 1, 6.07, 4.39, 5.40),
('000086', 1, 8.53, 9.02, 5.93),
('000087', 1, 7.01, 8.65, 8.22),
('000090', 1, 7.77, 5.45, 4.66),
('000091', 1, 6.62, 9.21, 6.58),
('000092', 1, 8.59, 5.37, 6.87),
('000094', 1, 4.94, 9.42, 5.31),
('000095', 1, 8.18, 7.51, 8.89),
('000096', 1, 8.68, 6.36, 6.63),
('000097', 1, 6.71, 5.55, 5.44),
('000098', 1, 6.99, 6.89, 5.79),
('000099', 1, 8.89, 7.90, 5.66),
('000100', 1, 5.67, 6.24, 6.61),
('000102', 1, 5.74, 8.73, 6.14),
('000104', 1, 7.25, 9.79, 6.77),
('000105', 1, 6.84, 6.78, 7.25),
('000106', 1, 8.80, 5.57, 7.26),
('000108', 1, 5.02, 9.33, 9.78),
('000109', 1, 8.69, 5.92, 8.24),
('000110', 1, 6.77, 9.43, 4.04),
('000112', 1, 7.46, 8.57, 7.05),
('000113', 1, 6.84, 9.21, 6.58),
('000114', 1, 8.33, 7.35, 4.26),
('000115', 1, 7.96, 7.84, 7.13),
('000116', 1, 6.01, 5.60, 9.44),
('000117', 1, 5.36, 5.26, 9.01),
('000118', 1, 5.60, 7.23, 7.43),
('000120', 1, 4.46, 6.61, 6.15),
('000121', 1, 9.58, 4.68, 9.80),
('000122', 1, 8.66, 8.19, 8.42),
('000123', 1, 5.43, 7.19, 9.47),
('000126', 1, 4.46, 9.56, 6.66),
('000127', 1, 5.92, 9.67, 9.65),
('000128', 1, 8.36, 8.13, 6.31),
('000130', 1, 5.71, 5.43, 4.43),
('000132', 1, 7.25, 9.76, 5.41),
('000133', 1, 5.13, 4.62, 5.77),
('000135', 1, 6.68, 8.11, 6.54),
('000136', 1, 6.09, 9.19, 7.11),
('000137', 1, 8.33, 7.24, 7.99),
('000138', 1, 5.99, 8.55, 7.02),
('000139', 1, 9.56, 5.34, 6.35),
('000140', 1, 7.11, 6.12, 5.14),
('000141', 1, 7.58, 8.72, 8.09),
('000142', 1, 6.45, 6.82, 7.12),
('000143', 1, 6.41, 8.87, 6.83),
('000144', 1, 5.55, 7.15, 9.75),
('000145', 1, 8.28, 8.00, 8.99),
('000146', 1, 5.55, 8.98, 9.72),
('000147', 1, 4.44, 8.61, 8.46),
('000148', 1, 8.80, 5.96, 7.35),
('000149', 1, 6.48, 9.78, 9.27),
('000150', 1, 4.01, 6.77, 4.77),
('000151', 1, 4.80, 8.49, 8.37),
('000152', 1, 7.57, 6.57, 5.26),
('000153', 1, 7.52, 5.09, 6.27),
('000154', 1, 9.54, 8.47, 4.10),
('000156', 1, 8.91, 4.34, 4.50),
('000158', 1, 6.96, 4.32, 8.98),
('000159', 1, 4.87, 9.40, 8.97),
('000161', 1, 6.86, 8.48, 5.13),
('000162', 1, 5.38, 6.85, 4.35),
('000163', 1, 4.76, 5.69, 8.94),
('000164', 1, 7.11, 9.59, 5.20),
('000165', 1, 5.51, 9.75, 4.18),
('000166', 1, 5.50, 8.71, 4.13),
('000167', 1, 6.22, 6.47, 6.05),
('000169', 2, 5.27, 9.20, 8.52),
('000170', 2, 9.50, 7.34, 9.70),
('000172', 2, 5.03, 8.65, 9.04),
('000173', 2, 5.87, 9.66, 8.25),
('000176', 2, 4.28, 6.54, 6.43),
('000177', 2, 9.52, 4.43, 4.99),
('000178', 2, 7.21, 9.37, 7.13),
('000179', 2, 7.63, 6.79, 4.56),
('000181', 2, 6.40, 8.39, 5.32),
('000182', 2, 8.14, 6.91, 9.22),
('000183', 2, 5.50, 9.28, 9.30),
('000186', 2, 8.98, 7.97, 9.64),
('000187', 2, 6.99, 4.92, 5.80),
('000188', 2, 8.78, 6.93, 7.69),
('000189', 2, 5.50, 8.82, 4.52),
('000190', 2, 9.61, 7.96, 6.75),
('000191', 2, 5.27, 5.75, 7.02),
('000192', 2, 9.00, 5.51, 8.12),
('000193', 2, 6.35, 8.27, 7.38),
('000194', 2, 9.22, 7.80, 5.29),
('000195', 2, 9.05, 4.87, 9.76),
('000196', 2, 4.98, 8.43, 6.84),
('000198', 2, 5.73, 5.69, 8.22),
('000199', 2, 7.42, 4.98, 6.13),
('000200', 2, 7.17, 6.75, 4.89),
('000201', 2, 6.89, 7.53, 8.51),
('000202', 2, 4.44, 8.20, 9.25),
('000204', 2, 9.58, 5.58, 6.24),
('000205', 2, 9.10, 8.22, 9.17),
('000206', 2, 7.85, 7.72, 4.86),
('000207', 2, 7.19, 6.20, 8.74),
('000208', 2, 4.21, 7.18, 8.79),
('000209', 2, 5.29, 5.98, 8.81),
('000210', 2, 6.28, 6.65, 8.53),
('000211', 2, 6.80, 6.95, 9.34),
('000212', 2, 4.77, 6.39, 8.06),
('000213', 2, 7.26, 7.38, 9.47),
('000214', 2, 4.85, 4.36, 8.55),
('000215', 2, 9.66, 5.81, 7.20),
('000216', 2, 9.70, 4.43, 9.58),
('000217', 2, 7.46, 8.49, 7.63),
('000218', 2, 5.24, 5.92, 6.09),
('000219', 2, 7.13, 5.64, 9.29),
('000220', 2, 8.49, 9.02, 6.46),
('000222', 2, 7.59, 8.38, 7.40),
('000224', 2, 8.30, 8.21, 5.23),
('000225', 2, 5.15, 7.37, 9.52),
('000227', 2, 5.14, 8.25, 7.63),
('000230', 2, 7.02, 8.81, 8.84),
('000231', 2, 6.80, 7.50, 6.91),
('000232', 2, 6.40, 5.92, 4.66),
('000234', 2, 8.61, 8.76, 5.05),
('000235', 2, 5.03, 9.23, 7.48),
('000236', 2, 6.80, 8.46, 6.03),
('000237', 2, 5.19, 8.66, 6.37),
('000238', 2, 8.55, 6.80, 6.15),
('000239', 2, 8.56, 8.64, 7.56),
('000240', 2, 8.20, 9.40, 6.32),
('000241', 2, 6.09, 7.80, 9.66),
('000242', 2, 8.21, 7.24, 7.38),
('000243', 2, 9.60, 7.27, 8.47),
('000244', 2, 5.53, 5.67, 6.31),
('000245', 2, 5.20, 5.18, 5.45),
('000246', 2, 9.71, 9.31, 5.63),
('000247', 2, 4.07, 5.22, 7.37),
('000248', 2, 6.16, 8.96, 5.62),
('000250', 2, 5.51, 6.09, 7.23),
('000251', 2, 5.66, 7.66, 4.84),
('000252', 2, 8.53, 9.44, 8.34),
('000254', 2, 5.65, 7.63, 4.76),
('000255', 2, 7.71, 5.80, 6.01),
('000256', 2, 8.44, 8.63, 7.46),
('000257', 2, 8.64, 7.56, 8.02),
('000262', 2, 4.30, 7.87, 9.64),
('000263', 2, 5.44, 6.90, 7.98),
('000264', 2, 4.78, 9.21, 6.81),
('000265', 2, 7.14, 6.63, 8.50),
('000266', 2, 4.64, 7.03, 4.39),
('000267', 2, 8.16, 4.08, 9.34),
('000269', 2, 8.07, 6.48, 4.60),
('000270', 2, 7.27, 5.24, 8.44),
('000271', 2, 5.83, 8.47, 9.47),
('000272', 2, 8.20, 8.60, 5.00),
('000273', 2, 7.67, 4.31, 7.04),
('000275', 2, 5.14, 7.57, 8.27),
('000276', 2, 4.14, 5.77, 9.73),
('000277', 2, 8.66, 5.77, 6.73),
('000279', 2, 7.08, 5.08, 6.90),
('000280', 2, 9.16, 8.73, 4.17),
('000281', 2, 5.91, 7.14, 5.20),
('000285', 2, 9.72, 9.03, 6.84),
('000286', 2, 4.25, 9.78, 7.01),
('000287', 2, 7.75, 4.52, 6.90),
('000288', 2, 9.26, 8.62, 8.17),
('000291', 2, 7.82, 6.63, 6.56),
('000292', 2, 4.51, 4.63, 9.76),
('000293', 2, 8.40, 8.89, 4.38),
('000294', 2, 7.34, 7.61, 9.38),
('000296', 2, 5.13, 8.84, 9.35),
('000297', 2, 7.98, 8.64, 9.15),
('000298', 2, 6.88, 5.38, 6.62),
('000299', 2, 8.25, 7.04, 8.50),
('000300', 2, 7.82, 5.81, 7.35),
('000301', 2, 5.57, 9.47, 8.66),
('000302', 2, 5.04, 7.46, 7.44),
('000303', 2, 9.50, 4.83, 9.20),
('000304', 2, 5.64, 6.02, 7.33),
('000305', 2, 5.98, 8.72, 7.43),
('000306', 2, 6.35, 7.47, 7.98),
('000309', 2, 7.84, 6.75, 5.09),
('000310', 2, 6.41, 6.64, 8.58),
('000311', 2, 5.56, 9.37, 7.34),
('000312', 2, 7.04, 7.54, 5.42),
('000315', 2, 5.37, 5.05, 7.06),
('000316', 2, 8.88, 4.32, 5.53),
('000317', 2, 6.60, 7.94, 9.58),
('000318', 2, 7.92, 5.40, 7.90),
('000319', 2, 4.20, 7.59, 4.33),
('000320', 2, 9.35, 5.60, 6.48),
('000321', 2, 5.16, 6.28, 7.74),
('000322', 2, 5.45, 6.59, 9.20),
('000323', 2, 4.02, 9.53, 8.74),
('000327', 2, 9.25, 8.76, 4.56),
('000328', 2, 8.60, 8.43, 7.44),
('000330', 2, 9.44, 7.54, 4.22),
('000331', 2, 7.63, 5.21, 4.31),
('000332', 2, 5.94, 8.67, 8.40),
('000333', 2, 8.33, 9.21, 5.33),
('000334', 2, 4.84, 9.38, 6.64),
('000337', 3, 8.63, 8.76, 6.62),
('000338', 3, 8.98, 8.33, 4.14),
('000339', 3, 4.47, 9.11, 8.27),
('000340', 3, 8.49, 4.80, 5.94),
('000341', 3, 6.82, 7.05, 4.71),
('000343', 3, 8.28, 4.12, 5.10),
('000344', 3, 4.77, 8.58, 5.00),
('000345', 3, 8.02, 7.86, 4.89),
('000346', 3, 4.94, 5.75, 9.34),
('000347', 3, 4.65, 6.78, 4.23),
('000349', 3, 4.07, 6.00, 5.79),
('000350', 3, 9.73, 7.05, 5.95),
('000351', 3, 4.24, 8.79, 8.84),
('000354', 3, 9.54, 4.28, 5.69),
('000355', 3, 4.07, 7.01, 6.16),
('000356', 3, 5.81, 6.10, 8.74),
('000359', 3, 6.02, 4.93, 6.90),
('000360', 3, 8.94, 6.75, 8.05),
('000361', 3, 7.23, 4.24, 5.90),
('000362', 3, 8.65, 9.45, 6.13),
('000364', 3, 6.97, 4.85, 6.64),
('000365', 3, 6.22, 7.94, 4.89),
('000366', 3, 9.10, 4.69, 6.61),
('000367', 3, 7.30, 6.85, 7.21),
('000368', 3, 4.74, 6.13, 8.70),
('000370', 3, 5.87, 4.57, 6.83),
('000371', 3, 5.72, 7.33, 8.67),
('000372', 3, 6.33, 7.62, 6.63),
('000373', 3, 5.39, 8.33, 8.44),
('000375', 3, 4.32, 9.20, 5.82),
('000376', 3, 4.71, 8.68, 5.91),
('000377', 3, 4.66, 7.17, 6.75),
('000378', 3, 8.06, 9.24, 7.97),
('000379', 3, 5.59, 4.46, 8.52),
('000380', 3, 8.59, 4.79, 6.32),
('000381', 3, 7.99, 8.80, 8.64),
('000382', 3, 6.49, 5.51, 4.52),
('000383', 3, 5.20, 5.25, 8.78),
('000384', 3, 9.05, 9.65, 6.31),
('000385', 3, 7.59, 5.75, 6.29),
('000387', 3, 5.83, 9.77, 8.43),
('000388', 3, 9.74, 7.25, 6.66),
('000389', 3, 7.31, 6.42, 4.45),
('000390', 3, 5.56, 7.82, 5.91),
('000391', 3, 7.49, 4.54, 5.48),
('000392', 3, 4.56, 6.13, 5.16),
('000393', 3, 7.76, 8.14, 9.40),
('000394', 3, 9.32, 6.98, 6.96),
('000396', 3, 4.10, 6.29, 4.08),
('000398', 3, 6.69, 6.75, 4.13),
('000399', 3, 8.14, 9.68, 8.92),
('000400', 3, 5.55, 7.76, 9.16),
('000401', 3, 5.27, 9.27, 5.97),
('000403', 3, 7.58, 4.70, 5.30),
('000404', 3, 7.54, 8.98, 4.59),
('000405', 3, 4.71, 5.17, 9.62),
('000406', 3, 6.40, 6.37, 6.66),
('000407', 3, 7.72, 9.23, 4.34),
('000408', 3, 9.15, 8.53, 6.35),
('000410', 3, 8.27, 6.63, 9.70),
('000412', 3, 9.50, 8.24, 6.42),
('000413', 3, 6.37, 4.70, 7.32),
('000414', 3, 6.45, 9.43, 5.77),
('000415', 3, 8.18, 7.51, 8.42),
('000416', 3, 7.75, 9.02, 8.10),
('000417', 3, 5.42, 8.09, 9.15),
('000418', 3, 7.14, 5.66, 5.06),
('000419', 3, 9.46, 9.22, 4.30),
('000421', 3, 4.98, 5.42, 9.53),
('000422', 3, 8.89, 5.23, 8.88),
('000423', 3, 9.68, 8.10, 5.58),
('000424', 3, 6.40, 9.19, 8.08),
('000425', 3, 6.58, 5.28, 4.11),
('000426', 3, 7.70, 4.64, 5.61),
('000430', 3, 8.77, 7.01, 5.37),
('000431', 3, 4.36, 8.65, 4.32),
('000432', 3, 6.48, 7.60, 4.59),
('000433', 3, 7.60, 5.08, 4.80),
('000434', 3, 9.63, 7.00, 7.81),
('000435', 3, 7.28, 5.95, 5.74),
('000436', 3, 5.07, 9.74, 6.10),
('000438', 3, 9.13, 5.96, 5.22),
('000439', 3, 9.67, 5.42, 4.27),
('000441', 3, 5.18, 9.01, 6.30),
('000442', 3, 6.37, 8.67, 5.84),
('000444', 3, 6.34, 6.35, 7.36),
('000445', 3, 6.49, 9.46, 6.42),
('000446', 3, 4.13, 8.56, 9.35),
('000447', 3, 5.03, 8.79, 7.50),
('000448', 3, 4.06, 5.90, 9.28),
('000449', 3, 4.04, 4.83, 4.37),
('000450', 3, 5.04, 7.58, 6.51),
('000451', 3, 4.44, 4.61, 8.45),
('000453', 3, 5.62, 4.94, 8.86),
('000454', 3, 7.09, 6.56, 4.28),
('000456', 3, 6.29, 6.48, 5.35),
('000457', 3, 5.62, 7.62, 4.25),
('000458', 3, 9.13, 5.84, 8.94),
('000459', 3, 8.39, 7.59, 4.35),
('000460', 3, 9.67, 7.76, 5.67),
('000461', 3, 4.04, 9.05, 4.41),
('000462', 3, 5.42, 5.02, 5.44),
('000463', 3, 8.60, 4.11, 6.21),
('000464', 3, 4.02, 9.00, 8.24),
('000465', 3, 9.55, 8.47, 8.36),
('000466', 3, 7.35, 7.84, 4.94),
('000467', 3, 6.90, 7.09, 9.14),
('000469', 3, 8.72, 5.08, 4.34),
('000470', 3, 7.90, 4.58, 4.35),
('000471', 3, 7.95, 5.99, 5.83),
('000472', 3, 8.36, 5.44, 6.62),
('000473', 3, 8.60, 6.02, 9.45),
('000474', 3, 9.54, 6.80, 7.14),
('000475', 3, 7.67, 6.85, 8.61),
('000477', 3, 5.85, 6.12, 7.94),
('000478', 3, 4.85, 7.86, 8.65),
('000479', 3, 5.93, 8.80, 5.22),
('000480', 3, 5.64, 8.04, 5.13),
('000481', 3, 4.84, 5.27, 8.34),
('000483', 3, 9.02, 7.77, 5.60),
('000484', 3, 7.74, 6.52, 7.31),
('000486', 3, 6.94, 6.11, 7.16),
('000487', 3, 4.26, 4.21, 4.82),
('000488', 3, 9.48, 7.92, 9.45),
('000489', 3, 5.44, 5.57, 7.08),
('000490', 3, 4.72, 7.05, 9.08),
('000491', 3, 7.98, 8.14, 7.81),
('000492', 3, 5.60, 6.48, 9.46),
('000493', 3, 6.46, 6.95, 8.24),
('000494', 3, 9.12, 7.04, 5.31),
('000495', 3, 5.45, 7.13, 8.45),
('000496', 3, 8.92, 4.33, 4.03),
('000499', 3, 9.70, 4.69, 6.84),
('000500', 3, 5.98, 9.66, 8.28);

INSERT INTO DangKyNguyenVong(thiSinh_soBaoDanh, truongDaiHoc_maTruong, thuTuNguyenVong, nganhDangKy) VALUES
('000001', 'BKA', 1, 'Y đa khoa'),
('000002', 'KTH', 1, 'Y đa khoa'),
('000003', 'BKA', 1, 'Kiến trúc'),
('000004', 'CTU', 1, 'Kiến trúc'),
('000004', 'QSB', 2, 'Công nghệ thông tin'),
('000005', 'KTH', 1, 'Công nghệ sinh học'),
('000006', 'CTU', 1, 'Kiến trúc'),
('000006', 'KTH', 2, 'Marketing'),
('000007', 'KTH', 1, NULL),
('000007', 'QSB', 2, 'Luật kinh tế'),
('000008', 'CTU', 1, NULL),
('000008', 'QSB', 2, 'Luật kinh tế'),
('000010', 'QSB', 1, 'Kỹ thuật xây dựng'),
('000010', 'CTU', 2, 'Quản trị kinh doanh'),
('000012', 'BKA', 1, 'Kiến trúc'),
('000012', 'DNY', 2, 'Công nghệ thông tin'),
('000016', 'BKA', 1, NULL),
('000017', 'CTU', 1, 'Luật kinh tế'),
('000017', 'BKA', 2, 'Marketing'),
('000018', 'BKA', 1, 'Công nghệ thông tin'),
('000018', 'DNY', 2, NULL),
('000019', 'BKA', 1, NULL),
('000019', 'KTH', 2, 'Kỹ thuật phần mềm'),
('000020', 'KTH', 1, 'Kỹ thuật phần mềm'),
('000020', 'QSB', 2, 'Công nghệ thông tin'),
('000021', 'CTU', 1, 'Công nghệ thông tin'),
('000022', 'DNY', 1, NULL),
('000023', 'DNY', 1, 'Kỹ thuật xây dựng'),
('000024', 'QSB', 1, 'Sư phạm Toán'),
('000025', 'BKA', 1, 'Kỹ thuật xây dựng'),
('000026', 'BKA', 1, 'Dược học'),
('000027', 'QSB', 1, 'Kỹ thuật phần mềm'),
('000028', 'QSB', 1, 'Công nghệ sinh học'),
('000029', 'DNY', 1, NULL),
('000030', 'DNY', 1, 'Quản trị kinh doanh'),
('000031', 'QSB', 1, 'Tài chính – Ngân hàng'),
('000031', 'CTU', 2, NULL),
('000032', 'DNY', 1, NULL),
('000032', 'QSB', 2, 'Marketing'),
('000034', 'DNY', 1, 'Quản trị kinh doanh'),
('000035', 'CTU', 1, 'Kỹ thuật phần mềm'),
('000036', 'KTH', 1, 'Y đa khoa'),
('000037', 'KTH', 1, 'Kiến trúc'),
('000037', 'CTU', 2, NULL),
('000038', 'DNY', 1, 'Sư phạm Văn'),
('000039', 'QSB', 1, NULL),
('000040', 'QSB', 1, 'Kỹ thuật phần mềm'),
('000041', 'DNY', 1, NULL),
('000042', 'KTH', 1, 'Quản trị kinh doanh'),
('000043', 'BKA', 1, 'Marketing'),
('000045', 'CTU', 1, 'Kế toán'),
('000045', 'DNY', 2, 'Tài chính – Ngân hàng'),
('000046', 'QSB', 1, 'Luật kinh tế'),
('000046', 'KTH', 2, 'Kế toán'),
('000047', 'QSB', 1, 'Sư phạm Toán'),
('000048', 'QSB', 1, 'Kế toán'),
('000051', 'DNY', 1, 'Kỹ thuật xây dựng'),
('000051', 'QSB', 2, NULL),
('000052', 'QSB', 1, 'Tài chính – Ngân hàng'),
('000053', 'KTH', 1, 'Quản trị kinh doanh'),
('000053', 'DNY', 2, 'Kế toán'),
('000054', 'BKA', 1, 'Kỹ thuật xây dựng'),
('000054', 'DNY', 2, 'Dược học'),
('000055', 'BKA', 1, 'Công nghệ sinh học'),
('000055', 'KTH', 2, NULL),
('000056', 'DNY', 1, NULL),
('000056', 'KTH', 2, 'Sư phạm Toán'),
('000057', 'CTU', 1, 'Kỹ thuật phần mềm'),
('000058', 'DNY', 1, 'Y đa khoa'),
('000059', 'KTH', 1, NULL),
('000059', 'CTU', 2, 'Kỹ thuật phần mềm'),
('000060', 'CTU', 1, 'Kinh tế'),
('000060', 'BKA', 2, 'Luật kinh tế'),
('000062', 'BKA', 1, NULL),
('000063', 'CTU', 1, 'Công nghệ sinh học'),
('000064', 'KTH', 1, 'Sư phạm Văn'),
('000065', 'DNY', 1, 'Tài chính – Ngân hàng'),
('000065', 'BKA', 2, 'Kỹ thuật phần mềm'),
('000066', 'CTU', 1, NULL),
('000067', 'BKA', 1, 'Quản trị kinh doanh'),
('000067', 'QSB', 2, 'Sư phạm Văn'),
('000068', 'KTH', 1, 'Sư phạm Toán'),
('000069', 'DNY', 1, NULL),
('000070', 'BKA', 1, 'Sư phạm Văn'),
('000071', 'CTU', 1, 'Luật kinh tế'),
('000072', 'BKA', 1, 'Marketing'),
('000072', 'QSB', 2, 'Dược học'),
('000073', 'DNY', 1, NULL),
('000075', 'KTH', 1, 'Luật kinh tế'),
('000075', 'BKA', 2, 'Sư phạm Toán'),
('000076', 'CTU', 1, 'Công nghệ sinh học'),
('000076', 'BKA', 2, 'Công nghệ thông tin'),
('000077', 'KTH', 1, 'Tài chính – Ngân hàng'),
('000078', 'CTU', 1, 'Dược học'),
('000079', 'BKA', 1, 'Luật kinh tế'),
('000080', 'BKA', 1, 'Công nghệ thông tin'),
('000082', 'CTU', 1, NULL),
('000083', 'KTH', 1, NULL),
('000084', 'CTU', 1, 'Sư phạm Văn'),
('000085', 'KTH', 1, NULL),
('000088', 'KTH', 1, 'Công nghệ sinh học'),
('000089', 'KTH', 1, 'Tài chính – Ngân hàng'),
('000090', 'DNY', 1, 'Kỹ thuật phần mềm'),
('000092', 'DNY', 1, 'Luật kinh tế'),
('000093', 'DNY', 1, 'Sư phạm Văn'),
('000094', 'KTH', 1, 'Sư phạm Toán'),
('000095', 'BKA', 1, NULL),
('000095', 'CTU', 2, 'Tài chính – Ngân hàng'),
('000096', 'DNY', 1, 'Kế toán'),
('000100', 'CTU', 1, NULL),
('000100', 'BKA', 2, NULL),
('000101', 'DNY', 1, NULL),
('000102', 'CTU', 1, 'Y đa khoa'),
('000102', 'KTH', 2, 'Marketing'),
('000103', 'BKA', 1, NULL),
('000104', 'DNY', 1, 'Marketing'),
('000104', 'KTH', 2, 'Y đa khoa'),
('000105', 'KTH', 1, 'Luật kinh tế'),
('000105', 'BKA', 2, 'Công nghệ sinh học'),
('000106', 'CTU', 1, 'Công nghệ thông tin'),
('000107', 'DNY', 1, 'Kế toán'),
('000107', 'CTU', 2, 'Sư phạm Toán'),
('000108', 'KTH', 1, 'Công nghệ thông tin'),
('000109', 'BKA', 1, 'Tài chính – Ngân hàng'),
('000109', 'KTH', 2, 'Kế toán'),
('000110', 'KTH', 1, 'Sư phạm Toán'),
('000111', 'KTH', 1, 'Sư phạm Toán'),
('000111', 'BKA', 2, 'Kế toán'),
('000112', 'CTU', 1, NULL),
('000114', 'BKA', 1, 'Kỹ thuật phần mềm'),
('000115', 'QSB', 1, 'Công nghệ sinh học'),
('000116', 'DNY', 1, 'Kỹ thuật xây dựng'),
('000118', 'DNY', 1, 'Công nghệ thông tin'),
('000119', 'QSB', 1, 'Y đa khoa'),
('000120', 'BKA', 1, 'Tài chính – Ngân hàng'),
('000120', 'KTH', 2, 'Kiến trúc'),
('000121', 'CTU', 1, 'Công nghệ sinh học'),
('000122', 'KTH', 1, 'Tài chính – Ngân hàng'),
('000123', 'DNY', 1, 'Y đa khoa'),
('000123', 'CTU', 2, 'Kinh tế'),
('000124', 'QSB', 1, NULL),
('000125', 'KTH', 1, NULL),
('000126', 'KTH', 1, 'Kiến trúc'),
('000126', 'BKA', 2, 'Công nghệ thông tin'),
('000127', 'QSB', 1, 'Y đa khoa'),
('000127', 'CTU', 2, 'Quản trị kinh doanh'),
('000129', 'KTH', 1, 'Sư phạm Văn'),
('000129', 'DNY', 2, NULL),
('000130', 'QSB', 1, 'Sư phạm Văn'),
('000131', 'DNY', 1, NULL),
('000132', 'QSB', 1, 'Sư phạm Toán'),
('000132', 'CTU', 2, 'Kỹ thuật phần mềm'),
('000133', 'CTU', 1, 'Kiến trúc'),
('000134', 'DNY', 1, 'Dược học'),
('000135', 'DNY', 1, NULL),
('000135', 'CTU', 2, 'Sư phạm Toán'),
('000136', 'QSB', 1, 'Sư phạm Văn'),
('000137', 'DNY', 1, 'Tài chính – Ngân hàng'),
('000138', 'DNY', 1, 'Sư phạm Toán'),
('000139', 'DNY', 1, 'Y đa khoa'),
('000141', 'BKA', 1, 'Sư phạm Văn'),
('000142', 'QSB', 1, 'Kinh tế'),
('000142', 'CTU', 2, NULL),
('000144', 'DNY', 1, 'Kỹ thuật phần mềm'),
('000144', 'QSB', 2, 'Marketing'),
('000145', 'CTU', 1, NULL),
('000146', 'DNY', 1, 'Sư phạm Toán'),
('000147', 'KTH', 1, 'Sư phạm Văn'),
('000147', 'DNY', 2, 'Kiến trúc'),
('000148', 'KTH', 1, 'Dược học'),
('000149', 'KTH', 1, NULL),
('000150', 'BKA', 1, 'Kiến trúc'),
('000150', 'CTU', 2, NULL),
('000152', 'BKA', 1, 'Công nghệ sinh học'),
('000153', 'QSB', 1, 'Kế toán'),
('000153', 'DNY', 2, 'Tài chính – Ngân hàng'),
('000155', 'KTH', 1, NULL),
('000156', 'CTU', 1, NULL),
('000158', 'BKA', 1, 'Marketing'),
('000159', 'DNY', 1, 'Công nghệ sinh học'),
('000159', 'QSB', 2, 'Sư phạm Văn'),
('000160', 'KTH', 1, 'Luật kinh tế'),
('000161', 'QSB', 1, NULL),
('000161', 'CTU', 2, 'Kế toán'),
('000162', 'BKA', 1, 'Kỹ thuật xây dựng'),
('000162', 'CTU', 2, 'Công nghệ sinh học'),
('000163', 'KTH', 1, 'Sư phạm Toán'),
('000164', 'BKA', 1, NULL),
('000165', 'CTU', 1, 'Quản trị kinh doanh'),
('000167', 'DNY', 1, 'Công nghệ thông tin'),
('000168', 'CTU', 1, 'Công nghệ sinh học'),
('000170', 'QSB', 1, 'Sư phạm Văn'),
('000170', 'CTU', 2, 'Y đa khoa'),
('000173', 'DNY', 1, 'Kinh tế'),
('000175', 'KTH', 1, NULL),
('000176', 'DNY', 1, 'Công nghệ sinh học'),
('000177', 'CTU', 1, 'Tài chính – Ngân hàng'),
('000177', 'BKA', 2, 'Y đa khoa'),
('000178', 'BKA', 1, NULL),
('000179', 'BKA', 1, 'Kỹ thuật phần mềm'),
('000182', 'CTU', 1, NULL),
('000182', 'QSB', 2, 'Kinh tế'),
('000184', 'BKA', 1, 'Tài chính – Ngân hàng'),
('000185', 'DNY', 1, NULL),
('000186', 'DNY', 1, 'Sư phạm Văn'),
('000187', 'CTU', 1, 'Công nghệ thông tin'),
('000191', 'BKA', 1, 'Marketing'),
('000192', 'QSB', 1, 'Kế toán'),
('000193', 'KTH', 1, 'Marketing'),
('000193', 'QSB', 2, 'Kỹ thuật xây dựng'),
('000194', 'DNY', 1, 'Tài chính – Ngân hàng'),
('000194', 'KTH', 2, 'Kiến trúc'),
('000195', 'DNY', 1, 'Y đa khoa'),
('000195', 'QSB', 2, NULL),
('000196', 'CTU', 1, 'Công nghệ sinh học'),
('000198', 'QSB', 1, 'Kỹ thuật xây dựng'),
('000199', 'KTH', 1, 'Tài chính – Ngân hàng'),
('000200', 'KTH', 1, 'Kỹ thuật phần mềm'),
('000201', 'KTH', 1, 'Công nghệ thông tin'),
('000201', 'DNY', 2, 'Kỹ thuật xây dựng'),
('000202', 'KTH', 1, 'Công nghệ thông tin'),
('000204', 'QSB', 1, NULL),
('000204', 'BKA', 2, 'Kiến trúc'),
('000205', 'DNY', 1, 'Kỹ thuật phần mềm'),
('000206', 'CTU', 1, NULL),
('000206', 'BKA', 2, 'Luật kinh tế'),
('000208', 'KTH', 1, 'Quản trị kinh doanh'),
('000208', 'QSB', 2, 'Sư phạm Văn'),
('000209', 'CTU', 1, 'Kỹ thuật phần mềm'),
('000210', 'DNY', 1, NULL),
('000211', 'QSB', 1, NULL),
('000212', 'CTU', 1, 'Y đa khoa'),
('000213', 'CTU', 1, 'Công nghệ sinh học'),
('000213', 'KTH', 2, 'Luật kinh tế'),
('000214', 'KTH', 1, 'Kỹ thuật phần mềm'),
('000216', 'BKA', 1, 'Luật kinh tế'),
('000217', 'CTU', 1, 'Kỹ thuật phần mềm'),
('000218', 'CTU', 1, 'Kiến trúc'),
('000218', 'DNY', 2, 'Marketing'),
('000219', 'CTU', 1, 'Công nghệ thông tin'),
('000221', 'CTU', 1, 'Kỹ thuật xây dựng'),
('000222', 'CTU', 1, NULL),
('000223', 'CTU', 1, 'Kinh tế'),
('000223', 'KTH', 2, 'Kỹ thuật xây dựng'),
('000224', 'QSB', 1, NULL),
('000224', 'CTU', 2, 'Sư phạm Toán'),
('000225', 'QSB', 1, 'Kỹ thuật phần mềm'),
('000225', 'BKA', 2, 'Sư phạm Văn'),
('000226', 'DNY', 1, 'Kinh tế'),
('000226', 'KTH', 2, 'Sư phạm Văn'),
('000227', 'CTU', 1, 'Tài chính – Ngân hàng'),
('000227', 'BKA', 2, 'Tài chính – Ngân hàng'),
('000228', 'KTH', 1, 'Marketing'),
('000229', 'KTH', 1, 'Công nghệ thông tin'),
('000230', 'QSB', 1, 'Công nghệ sinh học'),
('000232', 'CTU', 1, NULL),
('000233', 'DNY', 1, 'Tài chính – Ngân hàng'),
('000234', 'KTH', 1, 'Tài chính – Ngân hàng'),
('000235', 'BKA', 1, NULL),
('000236', 'CTU', 1, 'Sư phạm Toán'),
('000236', 'BKA', 2, 'Kế toán'),
('000238', 'KTH', 1, 'Dược học'),
('000239', 'DNY', 1, 'Công nghệ thông tin'),
('000240', 'CTU', 1, NULL),
('000242', 'QSB', 1, 'Công nghệ sinh học'),
('000242', 'CTU', 2, 'Sư phạm Toán'),
('000243', 'DNY', 1, 'Kiến trúc'),
('000243', 'CTU', 2, NULL),
('000244', 'CTU', 1, 'Quản trị kinh doanh'),
('000245', 'BKA', 1, NULL),
('000246', 'BKA', 1, 'Công nghệ sinh học'),
('000247', 'KTH', 1, NULL),
('000248', 'CTU', 1, 'Kiến trúc'),
('000249', 'CTU', 1, 'Sư phạm Toán'),
('000249', 'KTH', 2, 'Kiến trúc'),
('000250', 'DNY', 1, NULL),
('000251', 'KTH', 1, 'Tài chính – Ngân hàng'),
('000251', 'DNY', 2, 'Kỹ thuật xây dựng'),
('000252', 'QSB', 1, NULL),
('000253', 'BKA', 1, NULL),
('000254', 'KTH', 1, 'Sư phạm Văn'),
('000255', 'DNY', 1, 'Sư phạm Toán'),
('000255', 'KTH', 2, NULL),
('000256', 'QSB', 1, 'Luật kinh tế'),
('000257', 'CTU', 1, 'Công nghệ sinh học'),
('000260', 'DNY', 1, NULL),
('000261', 'QSB', 1, 'Marketing'),
('000262', 'BKA', 1, NULL),
('000263', 'BKA', 1, 'Kinh tế'),
('000263', 'CTU', 2, 'Dược học'),
('000264', 'DNY', 1, NULL),
('000265', 'BKA', 1, 'Kế toán'),
('000265', 'KTH', 2, 'Kỹ thuật phần mềm'),
('000266', 'BKA', 1, NULL),
('000267', 'BKA', 1, 'Công nghệ thông tin'),
('000267', 'DNY', 2, 'Y đa khoa'),
('000268', 'BKA', 1, 'Luật kinh tế'),
('000269', 'CTU', 1, 'Kinh tế'),
('000270', 'DNY', 1, 'Công nghệ sinh học'),
('000271', 'CTU', 1, NULL),
('000271', 'QSB', 2, 'Kinh tế'),
('000272', 'CTU', 1, 'Sư phạm Toán'),
('000272', 'BKA', 2, NULL),
('000273', 'KTH', 1, 'Kế toán'),
('000274', 'BKA', 1, 'Sư phạm Toán'),
('000275', 'DNY', 1, 'Kỹ thuật xây dựng'),
('000276', 'DNY', 1, 'Kỹ thuật xây dựng'),
('000276', 'QSB', 2, 'Kế toán'),
('000277', 'QSB', 1, 'Dược học'),
('000277', 'CTU', 2, 'Quản trị kinh doanh'),
('000278', 'DNY', 1, 'Marketing'),
('000279', 'BKA', 1, 'Luật kinh tế'),
('000279', 'CTU', 2, 'Quản trị kinh doanh'),
('000280', 'QSB', 1, 'Công nghệ sinh học'),
('000282', 'QSB', 1, 'Kinh tế'),
('000282', 'KTH', 2, 'Dược học'),
('000283', 'KTH', 1, 'Tài chính – Ngân hàng'),
('000284', 'QSB', 1, NULL),
('000285', 'QSB', 1, 'Dược học'),
('000286', 'CTU', 1, 'Marketing'),
('000286', 'DNY', 2, 'Kế toán'),
('000287', 'CTU', 1, NULL),
('000289', 'QSB', 1, NULL),
('000291', 'CTU', 1, 'Marketing'),
('000292', 'CTU', 1, 'Luật kinh tế'),
('000293', 'KTH', 1, 'Công nghệ sinh học'),
('000294', 'DNY', 1, 'Kinh tế'),
('000295', 'QSB', 1, 'Y đa khoa'),
('000295', 'BKA', 2, 'Dược học'),
('000296', 'BKA', 1, 'Quản trị kinh doanh'),
('000297', 'KTH', 1, 'Công nghệ sinh học'),
('000297', 'BKA', 2, 'Kiến trúc'),
('000298', 'KTH', 1, NULL),
('000299', 'CTU', 1, NULL),
('000299', 'QSB', 2, NULL),
('000300', 'KTH', 1, NULL),
('000300', 'QSB', 2, 'Sư phạm Văn'),
('000301', 'KTH', 1, 'Sư phạm Văn'),
('000302', 'CTU', 1, 'Kiến trúc'),
('000302', 'KTH', 2, NULL),
('000303', 'QSB', 1, 'Marketing'),
('000304', 'BKA', 1, 'Marketing'),
('000305', 'KTH', 1, 'Kế toán'),
('000306', 'KTH', 1, 'Công nghệ thông tin'),
('000306', 'DNY', 2, NULL),
('000307', 'CTU', 1, 'Marketing'),
('000308', 'BKA', 1, NULL),
('000308', 'KTH', 2, 'Công nghệ thông tin'),
('000309', 'DNY', 1, 'Kiến trúc'),
('000309', 'QSB', 2, 'Kinh tế'),
('000310', 'QSB', 1, 'Công nghệ sinh học'),
('000312', 'BKA', 1, 'Kỹ thuật xây dựng'),
('000312', 'KTH', 2, 'Dược học'),
('000313', 'KTH', 1, 'Tài chính – Ngân hàng'),
('000314', 'KTH', 1, NULL),
('000314', 'CTU', 2, 'Kiến trúc'),
('000316', 'DNY', 1, 'Sư phạm Toán'),
('000317', 'CTU', 1, 'Kiến trúc'),
('000318', 'QSB', 1, 'Công nghệ thông tin'),
('000319', 'QSB', 1, 'Kỹ thuật phần mềm'),
('000319', 'BKA', 2, NULL),
('000320', 'KTH', 1, NULL),
('000320', 'CTU', 2, NULL),
('000322', 'BKA', 1, 'Sư phạm Toán'),
('000323', 'KTH', 1, 'Sư phạm Toán'),
('000325', 'CTU', 1, 'Kỹ thuật phần mềm'),
('000325', 'QSB', 2, 'Marketing'),
('000326', 'DNY', 1, 'Kế toán'),
('000326', 'QSB', 2, 'Công nghệ thông tin'),
('000327', 'BKA', 1, NULL),
('000327', 'CTU', 2, 'Tài chính – Ngân hàng'),
('000328', 'QSB', 1, 'Kinh tế'),
('000329', 'QSB', 1, 'Y đa khoa'),
('000330', 'BKA', 1, 'Dược học'),
('000334', 'QSB', 1, 'Sư phạm Toán'),
('000335', 'CTU', 1, 'Marketing'),
('000335', 'QSB', 2, 'Kỹ thuật xây dựng'),
('000336', 'QSB', 1, 'Kế toán'),
('000336', 'KTH', 2, 'Tài chính – Ngân hàng'),
('000337', 'BKA', 1, 'Công nghệ sinh học'),
('000338', 'DNY', 1, 'Sư phạm Văn'),
('000338', 'QSB', 2, 'Y đa khoa'),
('000340', 'CTU', 1, 'Y đa khoa'),
('000341', 'CTU', 1, 'Sư phạm Văn'),
('000341', 'KTH', 2, 'Y đa khoa'),
('000344', 'KTH', 1, 'Công nghệ thông tin'),
('000345', 'KTH', 1, 'Quản trị kinh doanh'),
('000346', 'QSB', 1, 'Kỹ thuật xây dựng'),
('000347', 'BKA', 1, 'Kiến trúc'),
('000348', 'BKA', 1, 'Công nghệ sinh học'),
('000349', 'QSB', 1, 'Quản trị kinh doanh'),
('000350', 'DNY', 1, NULL),
('000351', 'DNY', 1, 'Dược học'),
('000352', 'BKA', 1, 'Sư phạm Văn'),
('000354', 'QSB', 1, 'Kinh tế'),
('000355', 'QSB', 1, NULL),
('000356', 'KTH', 1, NULL),
('000358', 'BKA', 1, 'Dược học'),
('000359', 'CTU', 1, NULL),
('000360', 'BKA', 1, 'Công nghệ sinh học'),
('000360', 'QSB', 2, 'Luật kinh tế'),
('000363', 'CTU', 1, 'Công nghệ sinh học'),
('000365', 'BKA', 1, 'Luật kinh tế'),
('000366', 'BKA', 1, NULL),
('000367', 'CTU', 1, 'Luật kinh tế'),
('000368', 'KTH', 1, NULL),
('000368', 'DNY', 2, 'Sư phạm Văn'),
('000369', 'BKA', 1, 'Kiến trúc'),
('000370', 'DNY', 1, 'Dược học'),
('000371', 'CTU', 1, 'Sư phạm Toán'),
('000371', 'BKA', 2, NULL),
('000372', 'BKA', 1, 'Luật kinh tế'),
('000373', 'BKA', 1, 'Kiến trúc'),
('000374', 'DNY', 1, 'Công nghệ sinh học'),
('000374', 'CTU', 2, 'Kỹ thuật xây dựng'),
('000375', 'DNY', 1, 'Marketing'),
('000376', 'QSB', 1, 'Kế toán'),
('000377', 'QSB', 1, 'Y đa khoa'),
('000378', 'DNY', 1, 'Kỹ thuật xây dựng'),
('000379', 'KTH', 1, 'Kiến trúc'),
('000379', 'DNY', 2, NULL),
('000380', 'BKA', 1, NULL),
('000381', 'QSB', 1, 'Công nghệ sinh học'),
('000382', 'BKA', 1, 'Công nghệ sinh học'),
('000382', 'CTU', 2, 'Kỹ thuật xây dựng'),
('000383', 'QSB', 1, 'Kinh tế'),
('000384', 'DNY', 1, 'Sư phạm Toán'),
('000385', 'CTU', 1, 'Sư phạm Toán'),
('000385', 'BKA', 2, NULL),
('000387', 'DNY', 1, NULL),
('000387', 'BKA', 2, NULL),
('000389', 'KTH', 1, 'Marketing'),
('000389', 'BKA', 2, NULL),
('000391', 'DNY', 1, NULL),
('000391', 'BKA', 2, NULL),
('000392', 'KTH', 1, 'Công nghệ sinh học'),
('000393', 'BKA', 1, 'Công nghệ sinh học'),
('000394', 'CTU', 1, 'Sư phạm Văn'),
('000395', 'CTU', 1, 'Dược học'),
('000396', 'DNY', 1, 'Y đa khoa'),
('000398', 'DNY', 1, 'Quản trị kinh doanh'),
('000399', 'CTU', 1, 'Công nghệ thông tin'),
('000401', 'DNY', 1, 'Y đa khoa'),
('000401', 'QSB', 2, 'Công nghệ sinh học'),
('000402', 'DNY', 1, 'Luật kinh tế'),
('000402', 'KTH', 2, NULL),
('000403', 'KTH', 1, 'Dược học'),
('000404', 'QSB', 1, 'Kiến trúc'),
('000405', 'DNY', 1, 'Luật kinh tế'),
('000406', 'KTH', 1, 'Dược học'),
('000406', 'BKA', 2, NULL),
('000407', 'CTU', 1, 'Kỹ thuật xây dựng'),
('000407', 'KTH', 2, 'Luật kinh tế'),
('000408', 'BKA', 1, 'Công nghệ sinh học'),
('000409', 'QSB', 1, 'Sư phạm Toán'),
('000410', 'CTU', 1, 'Sư phạm Toán'),
('000410', 'QSB', 2, 'Kiến trúc'),
('000411', 'BKA', 1, NULL),
('000411', 'CTU', 2, 'Quản trị kinh doanh'),
('000412', 'DNY', 1, 'Kinh tế'),
('000414', 'DNY', 1, NULL),
('000415', 'DNY', 1, 'Kinh tế'),
('000416', 'KTH', 1, 'Kỹ thuật phần mềm'),
('000416', 'BKA', 2, NULL),
('000417', 'CTU', 1, 'Công nghệ thông tin'),
('000417', 'KTH', 2, 'Kỹ thuật xây dựng'),
('000418', 'DNY', 1, 'Công nghệ thông tin'),
('000419', 'QSB', 1, 'Dược học'),
('000420', 'BKA', 1, 'Tài chính – Ngân hàng'),
('000420', 'KTH', 2, 'Kế toán'),
('000421', 'BKA', 1, NULL),
('000422', 'CTU', 1, 'Sư phạm Toán'),
('000423', 'QSB', 1, 'Tài chính – Ngân hàng'),
('000424', 'BKA', 1, 'Kỹ thuật xây dựng'),
('000425', 'KTH', 1, NULL),
('000425', 'QSB', 2, 'Sư phạm Toán'),
('000426', 'QSB', 1, 'Tài chính – Ngân hàng'),
('000427', 'CTU', 1, 'Kỹ thuật xây dựng'),
('000427', 'KTH', 2, 'Công nghệ sinh học'),
('000428', 'KTH', 1, NULL),
('000429', 'BKA', 1, NULL),
('000431', 'BKA', 1, 'Luật kinh tế'),
('000432', 'BKA', 1, 'Tài chính – Ngân hàng'),
('000432', 'DNY', 2, NULL),
('000434', 'CTU', 1, 'Công nghệ sinh học'),
('000435', 'BKA', 1, 'Kỹ thuật xây dựng'),
('000437', 'KTH', 1, 'Sư phạm Văn'),
('000438', 'KTH', 1, 'Luật kinh tế'),
('000439', 'CTU', 1, 'Kinh tế'),
('000440', 'CTU', 1, 'Quản trị kinh doanh'),
('000440', 'KTH', 2, NULL),
('000441', 'CTU', 1, 'Sư phạm Văn'),
('000441', 'QSB', 2, 'Kỹ thuật phần mềm'),
('000442', 'QSB', 1, 'Kỹ thuật phần mềm'),
('000443', 'KTH', 1, 'Y đa khoa'),
('000444', 'CTU', 1, 'Kinh tế'),
('000445', 'BKA', 1, NULL),
('000445', 'KTH', 2, 'Sư phạm Toán'),
('000446', 'KTH', 1, 'Kế toán'),
('000446', 'DNY', 2, 'Kỹ thuật phần mềm'),
('000448', 'QSB', 1, 'Kỹ thuật phần mềm'),
('000448', 'DNY', 2, 'Kỹ thuật xây dựng'),
('000449', 'CTU', 1, 'Kỹ thuật xây dựng'),
('000449', 'KTH', 2, 'Quản trị kinh doanh'),
('000450', 'CTU', 1, 'Công nghệ thông tin'),
('000450', 'BKA', 2, 'Kiến trúc'),
('000451', 'KTH', 1, NULL),
('000453', 'BKA', 1, 'Công nghệ sinh học'),
('000454', 'BKA', 1, 'Sư phạm Toán'),
('000455', 'KTH', 1, 'Kỹ thuật phần mềm'),
('000455', 'QSB', 2, 'Kỹ thuật xây dựng'),
('000457', 'CTU', 1, 'Kỹ thuật phần mềm'),
('000458', 'CTU', 1, 'Quản trị kinh doanh'),
('000459', 'QSB', 1, 'Marketing'),
('000461', 'QSB', 1, 'Kinh tế'),
('000462', 'QSB', 1, 'Dược học'),
('000463', 'KTH', 1, 'Kinh tế'),
('000463', 'QSB', 2, 'Quản trị kinh doanh'),
('000464', 'DNY', 1, 'Y đa khoa'),
('000465', 'KTH', 1, 'Kỹ thuật xây dựng'),
('000465', 'BKA', 2, 'Kế toán'),
('000467', 'BKA', 1, 'Dược học'),
('000467', 'CTU', 2, 'Kiến trúc'),
('000468', 'DNY', 1, 'Y đa khoa'),
('000469', 'KTH', 1, 'Kỹ thuật xây dựng'),
('000469', 'DNY', 2, 'Kiến trúc'),
('000470', 'CTU', 1, 'Công nghệ thông tin'),
('000471', 'DNY', 1, 'Công nghệ thông tin'),
('000472', 'CTU', 1, 'Công nghệ thông tin'),
('000472', 'DNY', 2, 'Kiến trúc'),
('000473', 'BKA', 1, 'Sư phạm Toán'),
('000474', 'BKA', 1, NULL),
('000475', 'CTU', 1, 'Tài chính – Ngân hàng'),
('000476', 'QSB', 1, 'Kỹ thuật phần mềm'),
('000477', 'CTU', 1, 'Kỹ thuật phần mềm'),
('000478', 'KTH', 1, 'Y đa khoa'),
('000479', 'BKA', 1, 'Y đa khoa'),
('000479', 'QSB', 2, 'Kiến trúc'),
('000480', 'QSB', 1, 'Dược học'),
('000481', 'CTU', 1, NULL),
('000482', 'DNY', 1, 'Marketing'),
('000483', 'BKA', 1, NULL),
('000485', 'CTU', 1, 'Sư phạm Văn'),
('000486', 'BKA', 1, 'Luật kinh tế'),
('000486', 'QSB', 2, 'Sư phạm Toán'),
('000487', 'QSB', 1, 'Kế toán'),
('000488', 'KTH', 1, 'Y đa khoa'),
('000489', 'KTH', 1, 'Sư phạm Văn'),
('000490', 'BKA', 1, 'Kiến trúc'),
('000490', 'KTH', 2, 'Sư phạm Toán'),
('000491', 'KTH', 1, NULL),
('000492', 'KTH', 1, 'Công nghệ sinh học'),
('000492', 'BKA', 2, 'Kiến trúc'),
('000493', 'CTU', 1, 'Công nghệ sinh học'),
('000496', 'BKA', 1, NULL),
('000497', 'KTH', 1, 'Công nghệ sinh học'),
('000498', 'QSB', 1, NULL),
('000499', 'QSB', 1, 'Dược học'),
('000499', 'KTH', 2, 'Luật kinh tế'),
('000500', 'DNY', 1, NULL);
